season,team,seed,region,kenpom_adj_em,source_1,source_2,source_3,source_4
2026,Duke,1,East,,,,,
2026,Siena,16,East,,,,,
2026,Ohio State,8,East,,,,,
2026,TCU,9,East,,,,,
2026,St. John's,5,East,,,,,
2026,Northern Iowa,12,East,,,,,
2026,Kansas,4,East,,,,,
2026,California Baptist,13,East,,,,,
2026,Louisville,6,East,,,,,
2026,South Florida,11,East,,,,,
2026,Michigan State,3,East,,,,,
2026,North Dakota State,14,East,,,,,
2026,UCLA,7,East,,,,,
2026,UCF,10,East,,,,,
2026,UConn,2,East,,,,,
2026,Furman,15,East,,,,,
2026,Florida,1,South,,,,,
2026,Prairie View A&M,16,South,,,,,
2026,Lehigh,16,South,,,,,
2026,Clemson,8,South,,,,,
2026,Iowa,9,South,,,,,
2026,Vanderbilt,5,South,,,,,
2026,McNeese,12,South,,,,,
2026,Nebraska,4,South,,,,,
2026,Troy,13,South,,,,,
2026,North Carolina,6,South,,,,,
2026,VCU,11,South,,,,,
2026,Illinois,3,South,,,,,
2026,Pennsylvania,14,South,,,,,
2026,Saint Mary's,7,South,,,,,
2026,Texas A&M,10,South,,,,,
2026,Houston,2,South,,,,,
2026,Idaho,15,South,,,,,
2026,Arizona,1,West,,,,,
2026,Long Island Unviersity,16,West,,,,,
2026,Villanova,8,West,,,,,
2026,Utah State,9,West,,,,,
2026,Wisconsin,5,West,,,,,
2026,High Point,12,West,,,,,
2026,Arkansas,4,West,,,,,
2026,Hawaii,13,West,,,,,
2026,BYU,6,West,,,,,
2026,Texas,11,West,,,,,
2026,NC State,11,West,,,,,
2026,Gonzaga,3,West,,,,,
2026,Kennesaw State,14,West,,,,,
2026,Miami,7,West,,,,,
2026,Missouri,10,West,,,,,
2026,Purdue,2,West,,,,,
2026,Queens University,15,West,,,,,
2026,Michigan,1,Midwest,,,,,
2026,UMBC,16,Midwest,,,,,
2026,Howard,16,Midwest,,,,,
2026,Georgia,8,Midwest,,,,,
2026,Saint Louis,9,Midwest,,,,,
2026,Texas Tech,5,Midwest,,,,,
2026,Akron,12,Midwest,,,,,
2026,Alabama,4,Midwest,,,,,
2026,Hofstra,13,Midwest,,,,,
2026,Tennessee,6,Midwest,,,,,
2026,Miami (OH),11,Midwest,,,,,
2026,SMU,11,Midwest,,,,,
2026,Virginia,3,Midwest,,,,,
2026,Wright State,14,Midwest,,,,,
2026,Kentucky,7,Midwest,,,,,
2026,Santa Clara,10,Midwest,,,,,
2026,Iowa State,2,Midwest,,,,,
2026,Tennessee State,15,Midwest,,,,,
2025,Auburn,1,South,35.0475,1.667973073506574,,,
2025,Alabama State,16,South,-9.23758,-2.750101772699369,,,
2025,St. Francis (PA),16,South,,,,,
2025,Louisville,8,South,22.6402,0.4301661182220629,,,
2025,Creighton,9,South,18.7077,0.03784257872061284,,,
2025,Michigan,5,South,22.2758,0.39381196747970354,,,
2025,UC San Diego,12,South,18.7789,0.044945804661491076,,,
2025,Texas A&M,4,South,24.0834,0.5741461136978399,,,
2025,Yale,13,South,11.0438,-0.7267418775756777,,,
2025,Ole Miss,6,South,,,,,
2025,San Diego State,11,South,16.3707,-0.1953068457714122,,,
2025,North Carolina,11,South,19.5481,0.12168458828120268,,,
2025,Iowa State,3,South,26.9956,0.864680026408869,,,
2025,Lipscomb,14,South,9.48591,-0.8821638531520065,,,
2025,Marquette,7,South,21.5789,0.32428615065108046,,,
2025,New Mexico,10,South,17.3187,-0.10073018577207979,,,
2025,Michigan State,2,South,27.5733,0.9223139256510783,,,
2025,Bryant,15,South,1.24635,-1.704178689295571,,,
2025,Florida,1,West,36.1627,1.7792303427378564,,,
2025,Norfolk State,16,West,-1.52741,-1.9809012171856006,,,
2025,UConn,8,West,19.3389,0.1008138738594088,,,
2025,Oklahoma,9,West,18.3649,0.0036433392187445106,,,
2025,Memphis,5,West,15.3543,-0.296707391365633,,,
2025,Colorado State,12,West,17.2919,-0.10340387194083743,,,
2025,Maryland,4,West,26.3494,0.8002122651308431,,,
2025,Grand Canyon,13,West,7.22297,-1.107924725492607,,,
2025,Missouri,6,West,24.4177,0.6074973557208111,,,
2025,Drake,11,West,14.1399,-0.4178612899976891,,,
2025,Texas Tech,3,West,28.0517,0.9700412190515852,,,
2025,UNC Wilmington,14,West,5.14265,-1.3154666214101294,,,
2025,Kansas,7,West,23.2578,0.4917806173946237,,,
2025,Arkansas,10,West,17.7146,-0.06123345613733739,,,
2025,St. John's,2,West,26.3781,0.8030755036772365,,,
2025,Omaha,15,West,,,,,
2025,Duke,1,East,38.1544,1.9779311167048084,,,
2025,American University,16,East,,,,,
2025,Mount St. Mary's,16,East,-6.66958,-2.493906769663203,,,
2025,Mississippi State,8,East,20.105,0.17724338781034624,,,
2025,Baylor,9,East,21.1465,0.2811480200775452,,,
2025,Oregon,5,East,20.1491,0.1816429982596823,,,
2025,Liberty,12,East,13.5333,-0.47837838066814803,,,
2025,Arizona,4,East,25.7258,0.7379991795025903,,,
2025,Akron,13,East,6.57907,-1.1721630286292843,,,
2025,BYU,6,East,22.3936,0.40556421489312255,,,
2025,VCU,11,East,20.6057,0.22719542753784155,,,
2025,Wisconsin,3,East,25.9754,0.7629003760593767,,,
2025,Montana,14,East,0.384426,-1.7901680280015462,,,
2025,Saint Mary's,7,East,23.0883,0.47487055002132544,,,
2025,Vanderbilt,10,East,16.1611,-0.21621746595691843,,,
2025,Alabama,2,East,29.9317,1.157598308501738,,,
2025,Robert Morris,15,East,2.08559,-1.6204524064497485,,,
2025,Houston,1,Midwest,35.4443,1.70755959110967,,,
2025,SIU Edwardsville,16,Midwest,,,,,
2025,Gonzaga,8,Midwest,27.2907,0.8941205035879862,,,
2025,Georgia,9,Midwest,19.3878,0.10569235347329839,,,
2025,Clemson,5,Midwest,23.9249,0.5583334548266435,,,
2025,McNeese,12,Midwest,13.6856,-0.4631842611345,,,
2025,Purdue,4,Midwest,23.8371,0.5495741396916841,,,
2025,High Point,13,Midwest,9.30421,-0.9002910463185454,,,
2025,Illinois,6,Midwest,23.5646,0.5223883381623401,,,
2025,Texas,11,Midwest,17.1519,-0.11737088924031659,,,
2025,Xavier,11,Midwest,17.1975,-0.11282163217705754,,,
2025,Kentucky,3,Midwest,24.2581,0.5915749559994045,,,
2025,Troy,14,Midwest,6.87603,-1.1425369896489028,,,
2025,UCLA,7,Midwest,21.763,0.34265277839989605,,,
2025,Utah State,10,Midwest,15.225,-0.3096069294857952,,,
2025,Tennessee,2,Midwest,31.1527,1.2794106522350552,,,
2025,Wofford,15,Midwest,4.15774,-1.4137255857560602,,,
2024,Purdue,1,Midwest,29.1188,1.501239932436585,,,
2024,Montana State,16,Midwest,-3.90131,-1.871829856317457,,,
2024,Grambling,16,Midwest,-7.81011,-2.2711215361538293,,,
2024,Utah State,8,Midwest,15.1145,0.0706728857899133,,,
2024,TCU,9,Midwest,17.2925,0.2931599096037742,,,
2024,Gonzaga,5,Midwest,21.5643,0.7295327600757899,,,
2024,McNeese,12,Midwest,12.8625,-0.1593733849303871,,,
2024,Kansas,4,Midwest,19.2258,0.4906503426337728,,,
2024,Samford,13,Midwest,9.79216,-0.47301471123738864,,,
2024,South Carolina,6,Midwest,15.0562,0.06471742505146157,,,
2024,Oregon,11,Midwest,13.4292,-0.10148385490499008,,,
2024,Creighton,3,Midwest,23.3993,0.9169816529584506,,,
2024,Akron,14,Midwest,4.93477,-0.9692067427356483,,,
2024,Texas,7,Midwest,18.4035,0.4066507651855922,,,
2024,Virginia,10,Midwest,12.075,-0.23981807329283691,,,
2024,Colorado State,10,Midwest,16.603,0.22272611579309615,,,
2024,Tennessee,2,Midwest,25.9708,1.1796654829572306,,,
2024,Saint Peter's,15,Midwest,-2.32155,-1.7104542361429,,,
2024,North Carolina,1,West,24.6454,1.0442732417437819,,,
2024,Howard,16,West,-8.26283,-2.3173677829036046,,,
2024,Wagner,16,West,-10.0944,-2.5044662944769533,,,
2024,Mississippi State,8,West,17.9796,0.3633485386499193,,,
2024,Michigan State,9,West,20.0344,0.5732504378844102,,,
2024,Saint Mary's,5,West,19.888,0.5582953872478862,,,
2024,Grand Canyon,12,West,13.9138,-0.05198100286633212,,,
2024,Alabama,4,West,22.4823,0.8233082825097312,,,
2024,Charleston,13,West,7.60711,-0.6962219065470658,,,
2024,Clemson,6,West,16.9367,0.25681423326173003,,,
2024,New Mexico,11,West,18.9369,0.4611386341030914,,,
2024,Baylor,3,West,22.305,0.8051967355298427,,,
2024,Colgate,14,West,2.15007,-1.2536693759837927,,,
2024,Dayton,7,West,17.2976,0.2936808847284071,,,
2024,Nevada,10,West,16.818,0.24468879261586018,,,
2024,Arizona,2,West,26.6237,1.2463605141087777,,,
2024,Long Beach State,15,West,-0.0179405,-1.4751359525412766,,,
2024,UConn,1,East,32.2129,1.817308389912465,,,
2024,Stetson,16,East,-4.10409,-1.8925442358808062,,,
2024,Florida Atlantic,8,East,16.2324,0.18486859006976397,,,
2024,Northwestern,9,East,15.909,0.1518326380489182,,,
2024,San Diego State,5,East,19.6992,0.5390090924379427,,,
2024,UAB,12,East,6.28169,-0.8316161908002188,,,
2024,Auburn,4,East,28.9015,1.47904230604781,,,
2024,Yale,13,East,9.47277,-0.5056410337974938,,,
2024,BYU,6,East,21.0093,0.6728384082774922,,,
2024,Duquesne,11,East,9.37095,-0.516042148932814,,,
2024,Illinois,3,East,23.9874,0.9770572354676019,,,
2024,Morehead State,14,East,5.46886,-0.9146483889483459,,,
2024,Washington State,7,East,16.2157,0.1831626519165539,,,
2024,Drake,10,East,14.7142,0.029781446105483368,,,
2024,Iowa State,2,East,26.7178,1.255973015918183,,,
2024,South Dakota State,15,East,2.98785,-1.1680884858043727,,,
2024,Houston,1,South,31.7189,1.766845309212719,,,
2024,Longwood,16,South,0.959163,-1.3753228902487575,,,
2024,Nebraska,8,South,18.1917,0.385014974715539,,,
2024,Texas A&M,9,South,16.1079,0.17215066790960548,,,
2024,Wisconsin,5,South,20.6008,0.6311093223142404,,,
2024,James Madison,12,South,12.9,-0.15554268548455621,,,
2024,Duke,4,South,24.8766,1.067890780727145,,,
2024,Vermont,13,South,6.97711,-0.7605776572370255,,,
2024,Texas Tech,6,South,18.5449,0.42109505589600504,,,
2024,NC State,11,South,13.0559,-0.13961719098842182,,,
2024,Kentucky,3,South,20.0246,0.5722493484292328,,,
2024,Oakland,14,South,2.81758,-1.1854819043281497,,,
2024,Florida,7,South,18.1881,0.384647227568739,,,
2024,Boise State,10,South,16.3813,0.20007902066934344,,,
2024,Colorado,10,South,18.4666,0.4130965554531102,,,
2024,Marquette,2,South,22.7368,0.8493059627487706,,,
2024,Western Kentucky,15,South,3.06269,-1.1604434312303464,,,
2023,Alabama,1,South,27.5425,1.515918478509602,,,
2023,Texas A&M-Corpus Christi,16,South,,,,,
2023,Southeast Missouri State,16,South,,,,,
2023,Maryland,8,South,18.3703,0.4195256147488224,,,
2023,West Virginia,9,South,19.1445,0.5120690999675918,,,
2023,San Diego State,5,South,20.2549,0.6448000299429486,,,
2023,Charleston,12,South,11.7607,-0.3705485520065089,,,
2023,Virginia,4,South,16.4114,0.185369798170358,,,
2023,Furman,13,South,8.42507,-0.7692708790541496,,,
2023,Creighton,6,South,20.6545,0.6925659517892676,,,
2023,NC State,11,South,13.3052,-0.18592776549089393,,,
2023,Baylor,3,South,19.9811,0.6120715279371377,,,
2023,UC Santa Barbara,14,South,6.6422,-0.9823850659464088,,,
2023,Missouri,7,South,13.9186,-0.11260540197604879,,,
2023,Utah State,10,South,18.8814,0.4806196153885962,,,
2023,Arizona,2,South,22.8595,0.9561391691844968,,,
2023,Princeton,15,South,5.5658,-1.111051828397304,,,
2023,Purdue,1,East,24.5463,1.1577696921333729,,,
2023,Texas Southern,16,East,-9.71,-2.9370344834023103,,,
2023,Fairleigh Dickinson,16,East,-12.2499,-3.2406397509134863,,,
2023,Memphis,8,East,18.6881,0.4575136276686425,,,
2023,Florida Atlantic,9,East,18.2298,0.4027310401256798,,,
2023,Duke,5,East,18.4885,0.4336545736132739,,,
2023,Oral Roberts,12,East,13.2487,-0.19268145564183742,,,
2023,Tennessee,4,East,24.7052,1.1767636985932832,,,
2023,Louisiana,13,East,8.20091,-0.7960656964742467,,,
2023,Kentucky,6,East,17.7987,0.35119978660228596,,,
2023,Providence,11,East,14.7305,-0.015555472178685387,,,
2023,Kansas State,3,East,18.3143,0.4128316917673562,,,
2023,Montana State,14,East,5.74793,-1.0892810392434753,,,
2023,Michigan State,7,East,16.7099,0.22105079834835167,,,
2023,USC,10,East,15.6327,0.09228840842629227,,,
2023,Marquette,2,East,21.8296,0.8330307534949971,,,
2023,Vermont,15,East,5.42124,-1.1283317124366035,,,
2023,Houston,1,Midwest,28.8196,1.6685757827887164,,,
2023,Northern Kentucky,16,Midwest,0.516867,-1.714572696979139,,,
2023,Iowa,8,Midwest,15.6021,0.08863065765427687,,,
2023,Auburn,9,Midwest,17.4484,0.3093269076664361,,,
2023,Miami,5,Midwest,,,,,
2023,Drake,12,Midwest,12.5086,-0.28114881990224966,,,
2023,Indiana,4,Midwest,17.3586,0.2985927240282993,,,
2023,Kent State,13,Midwest,,,,,
2023,Iowa State,6,Midwest,18.3345,0.4152462854142421,,,
2023,Pittsburgh,11,Midwest,11.2663,-0.42964632918573853,,,
2023,Xavier,3,Midwest,19.693,0.5776336848842735,,,
2023,Kennesaw State,14,Midwest,3.64263,-1.3409366830449154,,,
2023,Texas A&M,7,Midwest,18.2834,0.4091380806936544,,,
2023,Penn State,10,Midwest,15.0367,0.021045942409259846,,,
2023,Texas,2,Midwest,24.5707,1.1606863300038688,,,
2023,Colgate,15,Midwest,5.29267,-1.1437002423960159,,,
2023,Kansas,1,West,23.1356,0.9891426001699039,,,
2023,Howard,16,West,-3.21361,-2.160492799160047,,,
2023,Arkansas,8,West,18.6287,0.45041328793473023,,,
2023,Illinois,9,West,16.4805,0.19362962099213127,,,
2023,Saint Mary's,5,West,21.896,0.8409678336015929,,,
2023,VCU,12,West,13.1498,-0.20450340176446227,,,
2023,UConn,4,West,25.3686,1.256062779055866,,,
2023,Iona,13,West,11.7114,-0.37644159491697826,,,
2023,TCU,6,West,18.0633,0.3828285726897136,,,
2023,Arizona State,11,West,12.3762,-0.2969751663798587,,,
2023,Nevada,11,West,14.7927,-0.008120436295699706,,,
2023,Gonzaga,3,West,24.3101,1.1295356812722603,,,
2023,Grand Canyon,14,West,5.99141,-1.0601768183947722,,,
2023,Northwestern,7,West,14.8321,-0.003410783340882397,,,
2023,Boise State,10,West,17.1342,0.27176921836685297,,,
2023,UCLA,2,West,27.6323,1.526652662147739,,,
2023,UNC Asheville,15,West,1.50642,-1.596287133263447,,,
2022,Gonzaga,1,West,32.9688,2.223164680376355,,,
2022,Georgia State,16,West,1.84485,-1.6046463073417443,,,
2022,Boise State,8,West,16.412,0.18690961116274185,,,
2022,Memphis,9,West,16.2198,0.1632716965715856,,,
2022,UConn,5,West,19.3281,0.5455491675585319,,,
2022,New Mexico State,12,West,10.1026,-0.5890584342141646,,,
2022,Arkansas,4,West,19.0214,0.5078293527556828,,,
2022,Vermont,13,West,13.0669,-0.2244909512663781,,,
2022,Alabama,6,West,17.3625,0.3038078308240014,,,
2022,Notre Dame,11,West,13.6336,-0.1547947691706016,,,
2022,Rutgers,11,West,10.8648,-0.49531848363466763,,,
2022,Texas Tech,3,West,24.641,1.198961635983892,,,
2022,Montana State,14,West,3.80856,-1.3631374142002277,,,
2022,Michigan State,7,West,14.8717,-0.0025257678422424767,,,
2022,Davidson,10,West,14.8028,-0.010999505174868352,,,
2022,Duke,2,West,23.7124,1.0847568103369216,,,
2022,Cal State Fullerton,15,West,,,,,
2022,Baylor,1,East,26.3204,1.4055043714905928,,,
2022,Norfolk State,16,East,0.14543,-1.8136512231300006,,,
2022,North Carolina,8,East,16.0459,0.14188442629373924,,,
2022,Marquette,9,East,14.0024,-0.10943752202586464,,,
2022,Saint Mary's,5,East,19.8082,0.6045947596252027,,,
2022,Indiana,12,East,14.9367,0.0054683239809892965,,,
2022,Wyoming,12,East,13.0956,-0.22096125226135127,,,
2022,UCLA,4,East,24.8472,1.2243213549677447,,,
2022,Akron,13,East,3.48951,-1.402376106449491,,,
2022,Texas,6,East,20.4063,0.6781527030017409,,,
2022,Virginia Tech,11,East,17.8634,0.36541153227410617,,,
2022,Purdue,3,East,22.2872,0.9094771231604598,,,
2022,Yale,14,East,2.23432,-1.5567469389972197,,,
2022,Murray State,7,East,16.389,0.18408093251759833,,,
2022,San Francisco,10,East,18.3679,0.4274579834251902,,,
2022,Kentucky,2,East,26.5948,1.439251737587436,,,
2022,Saint Peter's,15,East,4.27548,-1.3057127779832522,,,
2022,Arizona,1,South,27.2089,1.5147774574127695,,,
2022,Wright State,16,South,-0.866069,-1.9380514675162646,,,
2022,Bryant,16,South,-0.950484,-1.9484333330740817,,,
2022,Seton Hall,8,South,14.967,0.009194800630895882,,,
2022,TCU,9,South,14.909,0.0020616110040121123,,,
2022,Houston,5,South,26.4976,1.4272974956610032,,,
2022,UAB,12,South,14.0333,-0.10563725375912818,,,
2022,Illinois,4,South,19.5866,0.5773410558093849,,,
2022,Chattanooga,13,South,11.2724,-0.44518937860160174,,,
2022,Colorado State,6,South,15.8566,0.11860317118392723,,,
2022,Michigan,11,South,15.6481,0.0929605843355604,,,
2022,Tennessee,3,South,25.2399,1.2726179681828698,,,
2022,Longwood,14,South,2.48399,-1.526041017374046,,,
2022,Ohio State,7,South,15.8224,0.11439704902462676,,,
2022,Loyola Chicago,10,South,17.6948,0.34467608794492355,,,
2022,Villanova,2,South,24.1107,1.1337421453091256,,,
2022,Delaware,15,South,2.283,-1.5507599791517594,,,
2022,Kansas,1,Midwest,25.492,1.3036227458542045,,,
2022,Texas Southern,16,Midwest,-1.33245,-1.9954098142641217,,,
2022,Texas A&M-Corpus Christi,16,Midwest,,,,,
2022,San Diego State,8,Midwest,18.151,0.40078231394120595,,,
2022,Creighton,9,Midwest,13.4685,-0.17509976240161032,,,
2022,Iowa,5,Midwest,23.5269,1.0619429021336988,,,
2022,Richmond,12,Midwest,9.82501,-0.6231981257404866,,,
2022,Providence,4,Midwest,13.8797,-0.12452790766756534,,,
2022,South Dakota State,13,Midwest,11.4429,-0.4242202608191243,,,
2022,LSU,6,Midwest,19.0816,0.5152331116442761,,,
2022,Iowa State,11,Midwest,13.9459,-0.11638623261067382,,,
2022,Wisconsin,3,Midwest,15.5839,0.08506488133476839,,,
2022,Colgate,15,Midwest,4.21729,-1.3128693349554654,,,
2022,USC,7,Midwest,14.4494,-0.054462767487639445,,,
2022,Miami,10,Midwest,,,,,
2022,Auburn,2,Midwest,24.453,1.1758402627105446,,,
2022,Jacksonville State,15,Midwest,2.24147,-1.5558675888966642,,,
2021,Gonzaga,1,West,36.6241,2.259120415515903,,,
2021,Norfolk State,16,West,-3.74215,-2.144842820199606,,,
2021,App State,16,West,,,,,
2021,Oklahoma,8,West,16.6439,0.0792779421069779,,,
2021,Missouri,9,West,15.15,-0.08370674628581042,,,
2021,Creighton,5,West,21.3051,0.5878154811232882,,,
2021,UC Santa Barbara,12,West,12.2317,-0.40209366384165407,,,
2021,Virginia,4,West,22.6542,0.7350024702863587,,,
2021,Ohio,13,West,11.1142,-0.5240130622477998,,,
2021,USC,6,West,22.2245,0.6881221432213736,,,
2021,Drake,11,West,14.6425,-0.13907506368278494,,,
2021,Wichita State,11,West,11.5469,-0.4768054347844089,,,
2021,Kansas,3,West,21.0313,0.5579438647621228,,,
2021,Eastern Washington,14,West,6.65145,-1.0108996799095689,,,
2021,Oregon,7,West,17.6799,0.19230567968976733,,,
2021,VCU,10,West,15.9115,-0.0006269951571482407,,,
2021,Iowa,2,West,28.9031,1.4167582901522775,,,
2021,Grand Canyon,15,West,6.97644,-0.9754432277502729,,,
2021,Michigan,1,East,30.7915,1.6227829809354235,,,
2021,Texas Southern,16,East,-6.05453,-2.39712378528811,,,
2021,Mount St. Mary's,16,East,-5.0102,-2.283187243599081,,,
2021,LSU,8,East,19.5899,0.40068693334143485,,,
2021,St. Bonaventure,9,East,20.8204,0.5349346467541976,,,
2021,Colorado,5,East,21.6816,0.6288916811232111,,,
2021,Georgetown,12,East,14.0569,-0.2029641014515893,,,
2021,Florida State,4,East,,,,,
2021,UNC Greensboro,13,East,8.15332,-0.8470454634583491,,,
2021,BYU,6,East,20.9462,0.5486594434606793,,,
2021,UCLA,11,East,15.9175,2.7605639663305005e-05,,,
2021,Michigan State,11,East,14.0141,-0.20763358713551167,,,
2021,Texas,3,East,20.5822,0.5089469951207802,,,
2021,Abilene Christian,14,East,10.1273,-0.6316839833100149,,,
2021,UConn,7,East,21.9011,0.6528391602732326,,,
2021,Maryland,10,East,18.7175,0.30550797748503983,,,
2021,Alabama,2,East,24.9876,0.9895767201663593,,,
2021,Iona,15,East,-1.03598,-1.849599313815034,,,
2021,Baylor,1,South,29.4969,1.4815419490100579,,,
2021,Hartford,16,South,-2.73095,-2.0345207659103046,,,
2021,North Carolina,8,South,20.0876,0.4549860694369503,,,
2021,Wisconsin,9,South,22.6545,0.7350352003261992,,,
2021,Villanova,5,South,22.6184,0.7310966855320501,,,
2021,Winthrop,12,South,8.93908,-0.7613189431079124,,,
2021,Purdue,4,South,22.2716,0.693260759476344,,,
2021,North Texas,13,South,11.6975,-0.4603749547844398,,,
2021,Texas Tech,6,South,20.9465,0.5486921735005198,,,
2021,Utah State,11,South,16.51,0.06466943432480111,,,
2021,Arkansas,3,South,21.5292,0.6122648208841985,,,
2021,Colgate,14,South,10.2223,-0.6213194706938323,,,
2021,Florida,7,South,17.5522,0.17837359273096204,,,
2021,Virginia Tech,10,South,15.2207,-0.07599336689671463,,,
2021,Ohio State,2,South,25.4253,1.0373298482937596,,,
2021,Oral Roberts,15,South,1.21622,-1.6038839947185495,,,
2021,Illinois,1,Midwest,30.6122,1.6032213271240394,,,
2021,Drexel,16,Midwest,1.6183,-1.5600170133215534,,,
2021,Loyola Chicago,8,Midwest,23.7539,0.8549798863286305,,,
2021,Georgia Tech,9,Midwest,18.5494,0.28716824516103673,,,
2021,Tennessee,5,Midwest,21.0624,0.5613368788922622,,,
2021,Oregon State,12,Midwest,10.1728,-0.6267199272675273,,,
2021,Oklahoma State,4,Midwest,18.7671,0.3109193440720148,,,
2021,Liberty,13,Midwest,8.37002,-0.823403464680173,,,
2021,San Diego State,6,Midwest,21.296,0.5868226699147907,,,
2021,Syracuse,11,Midwest,16.2268,0.03377227671529725,,,
2021,West Virginia,3,Midwest,20.3206,0.48040640037979776,,,
2021,Morehead State,14,Midwest,3.89559,-1.3115643718930687,,,
2021,Clemson,7,Midwest,16.1652,0.027051708534698737,,,
2021,Rutgers,10,Midwest,18.1428,0.2428081311637763,,,
2021,Houston,2,Midwest,28.8202,1.4077138891429983,,,
2021,Cleveland State,15,Midwest,1.37289,-1.5867912769124726,,,
2019,Duke,1,East,31.9925,1.690619313859656,,,
2019,North Dakota State,16,East,-3.19855,-1.860713378589378,,,
2019,North Carolina Central,16,East,-11.8864,-2.7374546446809935,,,
2019,VCU,8,East,15.6895,0.04538915207145709,,,
2019,UCF,9,East,14.5761,-0.06697049106998813,,,
2019,Mississippi State,5,East,20.6776,0.5487672156190078,,,
2019,Liberty,12,East,10.8215,-0.44586892482144325,,,
2019,Virginia Tech,4,East,24.4696,0.931439900002302,,,
2019,Saint Louis,13,East,6.27254,-0.9049308273404916,,,
2019,Maryland,6,East,19.9776,0.4781261610123866,,,
2019,Belmont,11,East,13.0739,-0.21856619425579646,,,
2019,Temple,11,East,9.3923,-0.590097775169704,,,
2019,LSU,3,East,20.9656,0.5778309638000171,,,
2019,Yale,14,East,8.58693,-0.6713723268104671,,,
2019,Louisville,7,East,20.9708,0.5783557259199522,,,
2019,Minnesota,10,East,14.4575,-0.07893910403619568,,,
2019,Michigan State,2,East,31.3607,1.6268607162875661,,,
2019,Bradley,15,East,-0.358275,-1.5740847766282067,,,
2019,Gonzaga,1,West,32.7887,1.7709684676850723,,,
2019,Fairleigh Dickinson,16,West,-4.2487,-1.9666900978681536,,,
2019,Prairie View A&M,16,West,-4.30871,-1.972746054563787,,,
2019,Syracuse,8,West,16.3,0.10699824326765997,,,
2019,Baylor,9,West,15.2935,0.005426498322568655,,,
2019,Marquette,5,West,18.4207,0.32101036398803245,,,
2019,Murray State,12,West,13.3317,-0.19255010300210101,,,
2019,Florida State,4,West,,,,,
2019,Vermont,13,West,8.72064,-0.6578788762226797,,,
2019,Buffalo,6,West,20.337,0.5143952967632718,,,
2019,Arizona State,11,West,11.2091,-0.4067539637278344,,,
2019,St. John's,11,West,8.75182,-0.654732321818916,,,
2019,Texas Tech,3,West,26.7476,1.1613260748507053,,,
2019,Northern Kentucky,14,West,6.55918,-0.8760043246370034,,,
2019,Nevada,7,West,18.9229,0.371690274878668,,,
2019,Florida,10,West,18.3239,0.3112417152938596,,,
2019,Michigan,2,West,29.4352,1.432547358223211,,,
2019,Montana,15,West,3.54691,-1.179989938293983,,,
2019,Virginia,1,South,35.6552,2.0602435862991846,,,
2019,Gardner-Webb,16,South,,,,,
2019,Ole Miss,8,South,,,,,
2019,Oklahoma,9,South,15.5345,0.02974720426570522,,,
2019,Wisconsin,5,South,23.675,0.851252211444558,,,
2019,Oregon,12,South,15.1521,-0.00884299470796866,,,
2019,Kansas State,4,South,20.2225,0.5028404385454746,,,
2019,UC Irvine,13,South,9.46217,-0.5830467887620402,,,
2019,Villanova,6,South,18.7745,0.3567143713020645,,,
2019,Saint Mary's,11,South,17.7106,0.24935005987923034,,,
2019,Purdue,3,South,26.0512,1.0910483170963472,,,
2019,Old Dominion,14,South,5.57853,-0.9749673963512645,,,
2019,Cincinnati,7,South,17.0509,0.1827759117021049,,,
2019,Iowa,10,South,15.9555,0.07223275282197301,,,
2019,Tennessee,2,South,26.98,1.1847789049801034,,,
2019,Colgate,15,South,4.2867,-1.1053334443119374,,,
2019,North Carolina,1,Midwest,29.171,1.4058854058988266,,,
2019,Iona,16,Midwest,-3.07828,-1.8485762362500378,,,
2019,Utah State,8,Midwest,16.6198,0.13927111364365624,,,
2019,Washington,9,Midwest,13.3669,-0.18899786711331096,,,
2019,Auburn,5,Midwest,23.3317,0.8166078199496253,,,
2019,New Mexico State,12,Midwest,13.588,-0.1666853854368483,,,
2019,Kansas,4,Midwest,20.7051,0.551542399907125,,,
2019,Northeastern,13,Midwest,8.74685,-0.6552338733066231,,,
2019,Iowa State,6,Midwest,21.8472,0.6667983262874415,,,
2019,Ohio State,11,Midwest,15.0781,-0.016310763337811597,,,
2019,Houston,3,Midwest,22.4249,0.7250973794963628,,,
2019,Georgia State,14,Midwest,5.59737,-0.9730661428244234,,,
2019,Wofford,7,Midwest,20.7146,0.552501099933929,,,
2019,Seton Hall,10,Midwest,12.9072,-0.2353888568314018,,,
2019,Kentucky,2,Midwest,27.4133,1.2285057177816017,,,
2019,Abilene Christian,15,Midwest,2.08626,-1.327392590309927,,,
2018,Virginia,1,South,32.1527,1.9256013180903186,,,
2018,UMBC,16,South,-1.9086,-1.9553979122227874,,,
2018,Creighton,8,South,17.2792,0.23089083868812343,,,
2018,Kansas State,9,South,14.7543,-0.05680032273606049,,,
2018,Kentucky,5,South,20.4069,0.5872660003129089,,,
2018,Davidson,12,South,14.9051,-0.039617928525293125,,,
2018,Arizona,4,South,19.3692,0.46902879558801835,,,
2018,Buffalo,13,South,10.4931,-0.5423282949570329,,,
2018,Miami,6,South,,,,,
2018,Loyola Chicago,11,South,15.1402,-0.012830256914209137,,,
2018,Tennessee,3,South,22.1486,0.7857180957830268,,,
2018,Wright State,14,South,2.81674,-1.4169850829130508,,,
2018,Nevada,7,South,18.1814,0.333688955776681,,,
2018,Texas,10,South,15.4577,0.023346203045463983,,,
2018,Cincinnati,2,South,26.9966,1.3381070025058455,,,
2018,Georgia State,15,South,7.20921,-0.9164999960498541,,,
2018,Xavier,1,West,21.6909,0.7335670226380117,,,
2018,Texas Southern,16,West,-7.659,-2.610607724355398,,,
2018,North Carolina Central,16,West,-12.7366,-3.189157623855353,,,
2018,Missouri,8,West,15.4717,0.024941385531874687,,,
2018,Florida State,9,West,,,,,
2018,Ohio State,5,West,21.1094,0.6673099786488784,,,
2018,South Dakota State,12,West,10.5907,-0.5312075941946264,,,
2018,Gonzaga,4,West,24.7352,1.0804394543080356,,,
2018,UNC Greensboro,13,West,9.0562,-0.7060509888658649,,,
2018,Houston,6,West,20.5396,0.6023860514519596,,,
2018,San Diego State,11,West,14.1504,-0.1256096587034513,,,
2018,Michigan,3,West,23.1909,0.9044794318963094,,,
2018,Montana,14,West,10.8304,-0.5038957911951505,,,
2018,Texas A&M,7,West,16.9086,0.1886640794407067,,,
2018,Providence,10,West,11.9189,-0.37987035287671217,,,
2018,North Carolina,2,West,25.0348,1.1145763595172264,,,
2018,Lipscomb,15,West,0.363623,-1.696497174021376,,,
2018,Villanova,1,East,31.4091,1.8408743397406713,,,
2018,Radford,16,East,-0.0477779,-1.743372853348064,,,
2018,Long Island University,16,East,,,,,
2018,Virginia Tech,8,East,16.6388,0.15792263409544754,,,
2018,Alabama,9,East,13.8252,-0.16266346903065015,,,
2018,West Virginia,5,East,21.7748,0.7431267233958591,,,
2018,Murray State,12,East,12.6951,-0.2914288781658518,,,
2018,Wichita State,4,East,20.068,0.5486511899811509,,,
2018,Marshall,13,East,5.38402,-1.124465076219289,,,
2018,Florida,6,East,18.7137,0.3943400727421422,,,
2018,St. Bonaventure,11,East,11.1954,-0.462307104942298,,,
2018,UCLA,11,East,14.3834,-0.099061264465329,,,
2018,Texas Tech,3,East,21.9424,0.7622233365903196,,,
2018,Stephen F. Austin,14,East,5.56289,-1.104084341123268,,,
2018,Arkansas,7,East,15.635,0.043548049819794654,,,
2018,Butler,10,East,17.8667,0.2978315323142903,,,
2018,Purdue,2,East,26.6663,1.3004720899871682,,,
2018,Cal State Fullerton,15,East,,,,,
2018,Kansas,1,Midwest,23.2388,0.909937234831958,,,
2018,Pennsylvania,16,Midwest,,,,,
2018,Seton Hall,8,Midwest,17.3352,0.23727156863376667,,,
2018,NC State,9,Midwest,15.1323,-0.013730395602969432,,,
2018,Clemson,5,Midwest,20.2693,0.5715876353036144,,,
2018,New Mexico State,12,Midwest,13.5573,-0.19318842532418223,,,
2018,Auburn,4,Midwest,20.6348,0.6132332923595527,,,
2018,Charleston,13,Midwest,,,,,
2018,TCU,6,Midwest,18.9201,0.41785762025608425,,,
2018,Syracuse,11,Midwest,13.5929,-0.18913210414445192,,,
2018,Arizona State,11,Midwest,14.714,-0.06139216946480011,,,
2018,Michigan State,3,Midwest,26.3461,1.2639879876908302,,,
2018,Bucknell,14,Midwest,6.8137,-0.9615650407070201,,,
2018,Rhode Island,7,Midwest,14.3818,-0.0992435710352045,,,
2018,Oklahoma,10,Midwest,14.419,-0.09500494328559866,,,
2018,Duke,2,Midwest,29.1348,1.5817369448232401,,,
2018,Iona,15,Midwest,2.87263,-1.4106168865440865,,,
2017,Villanova,1,East,30.7772,1.5644232755963858,,,
2017,Mount St. Mary's,16,East,-4.23312,-2.085113516763252,,,
2017,New Orleans,16,East,-0.517773,-1.6978192682992852,,,
2017,Wisconsin,8,East,22.2926,0.6799737798918455,,,
2017,Virginia Tech,9,East,14.9395,-0.08652618320188386,,,
2017,Virginia,5,East,26.6671,1.1359792862161875,,,
2017,UNC Wilmington,12,East,12.3867,-0.3526345056489706,,,
2017,Florida,4,East,26.3891,1.1070000815623602,,,
2017,East Tennessee State,13,East,,,,,
2017,SMU,6,East,25.2591,0.9892069115665878,,,
2017,USC,11,East,12.3407,-0.3574296258434887,,,
2017,Providence,11,East,12.8992,-0.2992106121774365,,,
2017,Baylor,3,East,25.0078,0.9630109614604483,,,
2017,New Mexico State,14,East,7.31463,-0.8813559248883133,,,
2017,South Carolina,7,East,17.0302,0.13141202963896695,,,
2017,Marquette,10,East,17.5711,0.18779638862189912,,,
2017,Duke,2,East,25.0887,0.9714441184981987,,,
2017,Troy,15,East,2.67571,-1.364925032991666,,,
2017,Gonzaga,1,West,33.0538,1.8017400285276919,,,
2017,South Dakota State,16,West,-1.33359,-1.7828614546412682,,,
2017,Northwestern,8,West,15.511,-0.02695202687216371,,,
2017,Vanderbilt,9,West,16.2376,0.04879002385255168,,,
2017,Notre Dame,5,West,21.0939,0.5550192021273036,,,
2017,Princeton,12,West,12.5002,-0.34080306777771374,,,
2017,West Virginia,4,West,26.7991,1.1497391963395873,,,
2017,Bucknell,13,West,8.71601,-0.7352736305797508,,,
2017,Maryland,6,West,14.838,-0.09710672015283171,,,
2017,Xavier,11,West,15.3189,-0.04697686577144501,,,
2017,Florida State,3,West,,,,,
2017,Florida Gulf Coast,14,West,5.016,-1.12096912342582,,,
2017,Saint Mary's,7,West,24.6377,0.9244310922432487,,,
2017,VCU,10,West,14.3025,-0.15292817372162465,,,
2017,Arizona,2,West,22.7427,0.7268929885777721,,,
2017,North Dakota,15,West,-0.311268,-1.6762928270869157,,,
2017,Kansas,1,Midwest,25.975,1.063833575637361,,,
2017,UC Davis,16,Midwest,-4.75235,-2.139238957167593,,,
2017,North Carolina Central,16,Midwest,0.961015,-1.543667829120782,,,
2017,Miami,8,Midwest,,,,,
2017,Michigan State,9,Midwest,14.9753,-0.0827943287896284,,,
2017,Iowa State,5,Midwest,23.113,0.7654937061436433,,,
2017,Nevada,12,Midwest,13.3415,-0.2531044890897108,,,
2017,Purdue,4,Midwest,24.2236,0.8812645863182496,,,
2017,Vermont,13,Midwest,11.8847,-0.40496386081523394,,,
2017,Creighton,6,Midwest,19.5902,0.39827089263823884,,,
2017,Rhode Island,11,Midwest,15.6156,-0.016048340516802685,,,
2017,Oregon,3,Midwest,23.8276,0.8399848559480496,,,
2017,Iona,14,Midwest,4.00176,-1.2266952692103439,,,
2017,Michigan,7,Midwest,22.618,0.7138940431808933,,,
2017,Oklahoma State,10,Midwest,22.1043,0.6603450596173285,,,
2017,Louisville,2,Midwest,26.7186,1.1413477359991804,,,
2017,Jacksonville State,15,Midwest,0.583245,-1.5830472325095457,,,
2017,North Carolina,1,South,28.0091,1.2758717058040872,,,
2017,Texas Southern,16,South,-3.66476,-2.0258666795076796,,,
2017,Arkansas,8,South,15.5987,-0.017810025979571473,,,
2017,Seton Hall,9,South,13.9487,-0.18980890252207086,,,
2017,Minnesota,5,South,16.5907,0.08559778343264635,,,
2017,Middle Tennessee,12,South,14.6582,-0.11584938560879604,,,
2017,Butler,4,South,20.9097,0.535817873000559,,,
2017,Winthrop,13,South,4.62694,-1.1615254160971076,,,
2017,Cincinnati,6,South,22.3165,0.6824651575581279,,,
2017,Kansas State,11,South,17.5538,0.18599300646178663,,,
2017,Wake Forest,11,South,17.2722,0.15663853153186696,,,
2017,UCLA,3,South,22.9515,0.7486586645911502,,,
2017,Kent State,14,South,,,,,
2017,Dayton,7,South,15.6735,-0.010012743576311331,,,
2017,Wichita State,10,South,26.4121,1.1093976416596192,,,
2017,Kentucky,2,South,27.2664,1.1984513630112905,,,
2017,Northern Kentucky,15,South,1.33605,-1.5045735269001055,,,
2016,Kansas,1,South,29.804,1.6103270181235112,,,
2016,Austin Peay,16,South,-5.09934,-2.018142484427306,,,
2016,Colorado,8,South,13.5905,-0.07519047904460127,,,
2016,UConn,9,South,18.752,0.4613869756464408,,,
2016,Maryland,5,South,20.7136,0.6653103186905073,,,
2016,South Dakota State,12,South,9.58182,-0.4919234657869993,,,
2016,California,4,South,19.6396,0.5536597933900755,,,
2016,Hawaii,13,South,11.736,-0.26797995685619436,,,
2016,Arizona,6,South,21.8831,0.7868888003840409,,,
2016,Wichita State,11,South,21.1508,0.7107606070157856,,,
2016,Vanderbilt,11,South,19.9195,0.5827575420228415,,,
2016,Miami,3,South,,,,,
2016,Buffalo,14,South,2.71119,-1.206178073463821,,,
2016,Iowa,7,South,21.3563,0.7321239058512035,,,
2016,Temple,10,South,8.34785,-0.620204097728316,,,
2016,Villanova,2,South,26.7471,1.2925388516515464,,,
2016,UNC Asheville,15,South,4.21193,-1.0501646569467167,,,
2016,North Carolina,1,East,28.0379,1.4267273973291978,,,
2016,Florida Gulf Coast,16,East,-1.39023,-1.6325520934616773,,,
2016,Fairleigh Dickinson,16,East,-9.74686,-2.501287781768333,,,
2016,USC,8,East,14.7848,0.048966152581381844,,,
2016,Providence,9,East,13.5932,-0.07490979336647179,,,
2016,Indiana,5,East,22.7957,0.8817605595918382,,,
2016,Chattanooga,12,East,7.41784,-0.7168857597717561,,,
2016,Kentucky,4,East,25.1996,1.131664375019872,,,
2016,Stony Brook,13,East,8.53773,-0.6004646175197069,,,
2016,Notre Dame,6,East,15.9813,0.17335149105621112,,,
2016,Michigan,11,East,14.5538,0.02495193345251801,,,
2016,Tulsa,11,East,11.788,-0.26257415861073585,,,
2016,West Virginia,3,East,25.9146,1.2059941008949266,,,
2016,Stephen F. Austin,14,East,14.405,0.009483033857821153,,,
2016,Wisconsin,7,East,16.3651,0.21325044041403798,,,
2016,Pittsburgh,10,East,16.2013,0.19622217594084343,,,
2016,Xavier,2,East,21.71,0.7688937296861781,,,
2016,Weber State,15,East,2.74146,-1.2030312751390129,,,
2016,Oregon,1,West,22.7847,0.8806170253476067,,,
2016,Holy Cross,16,West,-11.4879,-2.6822822236389703,,,
2016,Southern,16,West,-5.31079,-2.040124331331194,,,
2016,Saint Joseph's,8,West,14.6358,0.03347646145497174,,,
2016,Cincinnati,9,West,17.1593,0.29581361284756036,,,
2016,Baylor,5,West,19.9152,0.5823105240910055,,,
2016,Yale,12,West,13.8265,-0.050656471622904986,,,
2016,Duke,4,West,22.0532,0.8045719981062044,,,
2016,UNC Wilmington,13,West,9.25855,-0.5255298580717951,,,
2016,Texas,6,West,17.1061,0.29028306541182197,,,
2016,Northern Iowa,11,West,10.0945,-0.4386264533931209,,,
2016,Texas A&M,3,West,21.8057,0.7788424776109932,,,
2016,Green Bay,14,West,3.98885,-1.0733555314197338,,,
2016,Oregon State,7,West,12.4371,-0.19509524243521423,,,
2016,VCU,10,West,16.2152,0.19766718739491787,,,
2016,Oklahoma,2,West,24.849,1.0952168199264536,,,
2016,Cal State Bakersfield,15,West,,,,,
2016,Virginia,1,Midwest,29.0952,1.5366418297315687,,,
2016,Hampton,16,Midwest,-6.80879,-2.195852903863827,,,
2016,Texas Tech,8,Midwest,14.7244,0.042687110003964496,,,
2016,Butler,9,Midwest,15.8497,0.1596706631888585,,,
2016,Purdue,5,Midwest,24.5939,1.068697221226137,,,
2016,Little Rock,12,Midwest,,,,,
2016,Iowa State,4,Midwest,21.0754,0.7029221995598706,,,
2016,Iona,13,Midwest,7.8333,-0.6736955109437136,,,
2016,Seton Hall,6,Midwest,17.6691,0.3488112271847671,,,
2016,Gonzaga,11,Midwest,19.2756,0.5158192056718658,,,
2016,Utah State,3,Midwest,,,,,
2016,Fresno State,14,Midwest,6.69862,-0.7916541869659615,,,
2016,Dayton,7,Midwest,13.3434,-0.1008784164763859,,,
2016,Syracuse,10,Midwest,15.8501,0.159712246252285,,,
2016,Michigan State,2,Midwest,29.6807,1.5975090388222608,,,
2016,Middle Tennessee,15,Midwest,3.93408,-1.0790492923794215,,,
2015,Kentucky,1,Midwest,37.4333,2.2859687677748717,,,
2015,Hampton,16,Midwest,-8.51136,-2.446178722436157,,,
2015,Manhattan,16,Midwest,0.742583,-1.4930533071646994,,,
2015,Cincinnati,8,Midwest,14.2488,-0.10195778314089511,,,
2015,Purdue,9,Midwest,13.9802,-0.12962269166063775,,,
2015,West Virginia,5,Midwest,18.7531,0.3619701671401068,,,
2015,Buffalo,12,Midwest,12.339,-0.2986608445370403,,,
2015,Maryland,4,Midwest,16.1924,0.09822656607344568,,,
2015,Valparaiso,13,Midwest,10.9697,-0.43969419984636166,,,
2015,Butler,6,Midwest,19.6267,0.4519480676719282,,,
2015,Texas,11,Midwest,20.1184,0.5025915357253814,,,
2015,Notre Dame,3,Midwest,24.0703,0.9096241194155198,,,
2015,Northeastern,14,Midwest,4.82045,-1.0730465405575598,,,
2015,Wichita State,7,Midwest,21.6555,0.6609077341084659,,,
2015,Indiana,10,Midwest,13.8074,-0.1474205181394596,,,
2015,Kansas,2,Midwest,23.7421,0.8758206087074799,,,
2015,New Mexico State,15,Midwest,7.0055,-0.8479936427129442,,,
2015,Wisconsin,1,West,33.5251,1.8834371390449445,,,
2015,Coastal Carolina,16,West,1.6211,-1.4025689719523435,,,
2015,Oregon,8,West,13.1844,-0.21158745040974886,,,
2015,Oklahoma State,9,West,16.1789,0.09683611087978768,,,
2015,Arkansas,5,West,16.9767,0.17900686299092244,,,
2015,Wofford,12,West,6.39782,-0.9105826658301343,,,
2015,North Carolina,4,West,23.7959,0.8813618301459093,,,
2015,Harvard,13,West,8.74154,-0.6691872846093918,,,
2015,Xavier,6,West,18.6517,0.35152630368552057,,,
2015,Ole Miss,11,West,,,,,
2015,BYU,11,West,17.7947,0.2632581480584931,,,
2015,Baylor,3,West,23.4796,0.8487839799419087,,,
2015,Georgia State,14,West,9.77537,-0.5627062258790656,,,
2015,VCU,7,West,16.5157,0.13152539304452837,,,
2015,Ohio State,10,West,21.0066,0.5940731877999734,,,
2015,Arizona,2,West,32.3143,1.7587287576759778,,,
2015,Texas Southern,15,West,-3.8688,-1.9680104510384773,,,
2015,Villanova,1,East,30.9562,1.6188489651939872,,,
2015,Lafayette,16,East,-1.75874,-1.7506812743029287,,,
2015,NC State,8,East,15.3629,0.0127908191742403,,,
2015,LSU,9,East,13.9432,-0.13343356885807073,,,
2015,Northern Iowa,5,East,20.9503,0.5882744746590147,,,
2015,Wyoming,12,East,6.40364,-0.9099832251466462,,,
2015,Louisville,4,East,20.4245,0.5341188197830626,,,
2015,UC Irvine,13,East,6.85898,-0.8630847164147786,,,
2015,Providence,6,East,17.5673,0.23983670279643252,,,
2015,Dayton,11,East,13.8856,-0.1393661776843446,,,
2015,Boise State,11,East,13.9824,-0.12939609896241197,,,
2015,Oklahoma,3,East,24.1001,0.9126934205096687,,,
2015,Ualbany,14,East,,,,,
2015,Michigan State,7,East,20.9213,0.5852875709096754,,,
2015,Georgia,10,East,15.3937,0.01596311694940078,,,
2015,Virginia,2,East,30.8885,1.6118760898894953,,,
2015,Belmont,15,East,1.49515,-1.415541403925767,,,
2015,Duke,1,South,29.3074,1.4490280375418958,,,
2015,Robert Morris,16,South,-1.54229,-1.7283876426979463,,,
2015,North Florida,16,South,2.91181,-1.2696301258037317,,,
2015,San Diego State,8,South,16.2186,0.10092507911595217,,,
2015,St. John's,9,South,14.3233,-0.09428453040552338,,,
2015,Utah,5,South,26.9035,1.2014343160578693,,,
2015,Stephen F. Austin,12,South,14.0106,-0.12649159255788203,,,
2015,Georgetown,4,South,19.5694,0.446046357849958,,,
2015,Eastern Washington,13,South,2.96737,-1.2639076302067218,,,
2015,SMU,6,South,18.0372,0.2882348432038304,,,
2015,UCLA,11,South,14.1346,-0.11372000411243113,,,
2015,Iowa State,3,South,23.031,0.8025796688400596,,,
2015,UAB,14,South,2.82779,-1.2782839069423346,,,
2015,Iowa,7,South,18.251,0.3102555336041322,,,
2015,Davidson,10,South,16.8188,0.1627436870591748,,,
2015,Gonzaga,2,South,28.9239,1.4095288103739085,,,
2015,North Dakota State,15,South,0.601364,-1.5075983954604908,,,
2014,Florida,1,South,27.8106,1.4190616457838774,,,
2014,UAlbany,16,South,,,,,
2014,Mount St. Mary's,16,South,-3.75021,-2.1912347210598475,,,
2014,Colorado,8,South,12.4727,-0.33546761518922097,,,
2014,Pittsburgh,9,South,21.5198,0.6994460090324598,,,
2014,VCU,5,South,20.2135,0.5500160627158741,,,
2014,Stephen F. Austin,12,South,10.7884,-0.5281376439582826,,,
2014,UCLA,4,South,22.2575,0.7838328048662998,,,
2014,Tulsa,13,South,9.33939,-0.6938924372769656,,,
2014,Ohio State,6,South,21.6743,0.7171195347967653,,,
2014,Dayton,11,South,12.9838,-0.2770019904763625,,,
2014,Syracuse,3,South,21.5042,0.6976614976931513,,,
2014,Western Michigan,14,South,4.41973,-1.256660966478415,,,
2014,New Mexico,7,South,17.5475,0.2450476504981468,,,
2014,Stanford,10,South,15.9959,0.06755740728845988,,,
2014,Kansas,2,South,25.4011,1.1434347180874729,,,
2014,Eastern Kentucky,15,South,3.01993,-1.4167865416555998,,,
2014,Virginia,1,East,26.4285,1.2609608046262923,,,
2014,Coastal Carolina,16,East,-5.97261,-2.4454589518598016,,,
2014,Memphis,8,East,14.9304,-0.05432700502136325,,,
2014,George Washington,9,East,14.2297,-0.1344813060119716,,,
2014,Cincinnati,5,East,19.0788,0.42021574113168253,,,
2014,Harvard,12,East,17.3178,0.21877186494435374,,,
2014,Michigan State,4,East,23.7886,0.9589780171493313,,,
2014,Delaware,13,East,5.78601,-1.100369802845693,,,
2014,North Carolina,6,East,18.3881,0.34120535766627214,,,
2014,Providence,11,East,14.7367,-0.07648468748444416,,,
2014,Iowa State,3,East,20.9515,0.63443717607547,,,
2014,North Carolina Central,14,East,8.29208,-0.8136960636084539,,,
2014,UConn,7,East,19.1162,0.424493992675922,,,
2014,Saint Joseph's,10,East,13.0273,-0.27202594924175216,,,
2014,Villanova,2,East,25.2627,1.1276028995387355,,,
2014,Milwaukee,15,East,0.3633,-1.7206831031522167,,,
2014,Arizona,1,West,30.3964,1.7148558394495184,,,
2014,Weber State,16,West,-0.49027,-1.8183244713505236,,,
2014,Gonzaga,8,West,20.6386,0.5986439967120317,,,
2014,Oklahoma State,9,West,21.5328,0.7009331018152171,,,
2014,Oklahoma,5,West,18.4058,0.343230091685872,,,
2014,North Dakota State,12,West,12.5832,-0.32282732653578555,,,
2014,San Diego State,4,West,19.8236,0.5054147184084127,,,
2014,New Mexico State,13,West,10.6331,-0.5459026831246039,,,
2014,Baylor,6,West,17.8854,0.2837006236745798,,,
2014,Nebraska,11,West,13.1363,-0.2595572482170964,,,
2014,Creighton,3,West,24.7882,1.0733240129681012,,,
2014,Louisiana,14,West,,,,,
2014,Oregon,7,West,18.783,0.3863786607363323,,,
2014,BYU,10,West,14.7544,-0.07445995346484414,,,
2014,Wisconsin,2,West,23.8262,0.963279147044075,,,
2014,American University,15,West,,,,,
2014,Wichita State,1,Midwest,25.1804,1.1181884583063577,,,
2014,Cal Poly,16,Midwest,-0.599368,-1.830804382766926,,,
2014,Texas Southern,16,Midwest,-6.75033,-2.534423705629483,,,
2014,Kentucky,8,Midwest,21.1505,0.657201134826906,,,
2014,Kansas State,9,Midwest,14.3949,-0.11558378849570429,,,
2014,Saint Louis,5,Midwest,15.792,0.04423292894967711,,,
2014,NC State,12,Midwest,10.5467,-0.5557861305423129,,,
2014,Xavier,12,Midwest,15.0151,-0.044638023582938106,,,
2014,Louisville,4,Midwest,30.5677,1.734451146656156,,,
2014,Manhattan,13,Midwest,9.55527,-0.669197545742996,,,
2014,Massachusetts,6,Midwest,14.1875,-0.13930863796830617,,,
2014,Tennessee,11,Midwest,21.7438,0.72506976159689,,,
2014,Iowa,11,Midwest,21.0299,0.6434054894730208,,,
2014,Duke,3,Midwest,25.3098,1.132990751082417,,,
2014,Mercer,14,Midwest,7.46633,-0.9081550532516603,,,
2014,Texas,7,Midwest,14.9889,-0.04763508749895641,,,
2014,Arizona State,10,Midwest,15.3941,-0.0012835493779424158,,,
2014,Michigan,2,Midwest,22.7757,0.8431106110220487,,,
2014,Wofford,15,Midwest,-2.02301,-1.9936572861076873,,,
2013,Louisville,1,Midwest,31.1411,1.8111301773259922,,,
2013,North Carolina A&T,16,Midwest,-5.32804,-2.4835376921524324,,,
2013,Liberty,16,Midwest,-9.51521,-2.976625943288708,,,
2013,Colorado State,8,Midwest,20.1795,0.5202735429750122,,,
2013,Missouri,9,Midwest,19.2225,0.4075755975041056,,,
2013,Oklahoma State,5,Midwest,19.4182,0.4306215619018655,,,
2013,Oregon,12,Midwest,14.8613,-0.10600672202328953,,,
2013,Saint Louis,4,Midwest,20.269,0.5308132149913609,,,
2013,New Mexico State,13,Midwest,8.84441,-0.8145659081512333,,,
2013,Memphis,6,Midwest,16.6993,0.11043927983201467,,,
2013,Saint Mary's,11,Midwest,18.9259,0.3726474777270199,,,
2013,Middle Tennessee,11,Midwest,15.5372,-0.026411590002614824,,,
2013,Michigan State,3,Midwest,23.2393,0.8806007880657952,,,
2013,Valparaiso,14,Midwest,11.9193,-0.45246163902998415,,,
2013,Creighton,7,Midwest,22.2247,0.761119768760903,,,
2013,Cincinnati,10,Midwest,15.5856,-0.020711923794890928,,,
2013,Duke,2,Midwest,26.724,1.2909649788520727,,,
2013,UAlbany,15,Midwest,,,,,
2013,Gonzaga,1,West,28.9467,1.552713906122902,,,
2013,Southern,16,West,-0.292737,-1.8905718583765794,,,
2013,Pittsburgh,8,West,25.1014,1.0998848468551108,,,
2013,Wichita State,9,West,17.3895,0.19171840414133517,,,
2013,Wisconsin,5,West,23.008,0.8533625072011967,,,
2013,Ole Miss,12,West,,,,,
2013,Kansas State,4,West,18.2582,0.29401799163410014,,,
2013,La Salle,13,West,13.3018,-0.28965609084447924,,,
2013,Boise State,13,West,15.1001,-0.07788522841989101,,,
2013,Arizona,6,West,20.5305,0.5616078991508617,,,
2013,Belmont,11,West,15.7507,-0.0012694673714356182,,,
2013,New Mexico,3,West,20.7068,0.582369286597592,,,
2013,Harvard,14,West,6.90592,-1.042845783089475,,,
2013,Notre Dame,7,West,17.4382,0.19745339885861077,,,
2013,Iowa State,10,West,16.2941,0.06272223959710206,,,
2013,Ohio State,2,West,25.1682,1.1077513283153577,,,
2013,Iona,15,West,7.85234,-0.9313937563887695,,,
2013,Kansas,1,South,25.4211,1.1375332618677008,,,
2013,Western Kentucky,16,South,-0.965895,-1.9698440878199488,,,
2013,North Carolina,8,South,17.1634,0.1650924841089713,,,
2013,Villanova,9,South,13.6158,-0.25267891751337723,,,
2013,VCU,5,South,19.3295,0.4201760992443218,,,
2013,Akron,12,South,13.7427,-0.23773495797287786,,,
2013,Michigan,4,South,24.9907,1.0868486268304196,,,
2013,South Dakota State,13,South,7.16609,-1.0122077219889885,,,
2013,UCLA,6,South,15.1624,-0.0705486746029239,,,
2013,Minnesota,11,South,19.1442,0.3983548565110316,,,
2013,Florida,3,South,31.9831,1.9102855274686288,,,
2013,Northwestern State,14,South,,,,,
2013,San Diego State,7,South,18.5799,0.33190193004370366,,,
2013,Oklahoma,10,South,14.3172,-0.17008086218078192,,,
2013,Georgetown,2,South,22.1624,0.7537832149439363,,,
2013,Florida Gulf Coast,15,South,3.35293,-1.4612519202667749,,,
2013,Indiana,1,East,29.9242,1.6678259664131956,,,
2013,James Madison,16,East,-1.67462,-2.053304747594106,,,
2013,Long Island University,16,East,,,,,
2013,NC State,8,East,17.4046,0.19349660578878586,,,
2013,Temple,9,East,11.9609,-0.4475627523721056,,,
2013,UNLV,5,East,17.2254,0.1723937094163865,,,
2013,California,12,East,12.7298,-0.3570157823903085,,,
2013,Syracuse,4,East,22.5652,0.8012176271024326,,,
2013,Montana,13,East,2.71159,-1.536777207987058,,,
2013,Butler,6,East,14.8086,-0.1122127635345923,,,
2013,Bucknell,11,East,13.4434,-0.2729810343359313,,,
2013,Marquette,3,East,18.6549,0.34073405743170604,,,
2013,Davidson,14,East,11.1711,-0.5405709418526928,,,
2013,Illinois,7,East,15.1395,-0.07324541749872719,,,
2013,Colorado,10,East,14.7956,-0.1137436656151793,,,
2013,Miami,2,East,,,,,
2013,Pacific,15,East,5.53976,-1.2037271051213805,,,
2012,Kentucky,1,South,31.7277,2.300726581188811,,,
2012,Western Kentucky,16,South,-2.83435,-2.7598305296043457,,,
2012,Mississippi Valley State,16,South,,,,,
2012,Iowa State,8,South,16.4561,0.06466697323185319,,,
2012,UConn,9,South,15.0185,-0.1458256596552655,,,
2012,Wichita State,5,South,23.2362,1.0574056350556942,,,
2012,VCU,12,South,12.6331,-0.4950946680643729,,,
2012,Indiana,4,South,22.5388,0.9552926953120402,,,
2012,New Mexico State,13,South,11.6518,-0.6387760958969618,,,
2012,UNLV,6,South,16.0655,0.007475527484977565,,,
2012,Colorado,11,South,8.34556,-1.1228740108640647,,,
2012,Baylor,3,South,21.4193,0.7913760964548274,,,
2012,South Dakota State,14,South,11.7129,-0.6298298661603153,,,
2012,Notre Dame,7,South,14.2112,-0.2640300993671262,,,
2012,Xavier,10,South,11.6059,-0.6454967496598435,,,
2012,Duke,2,South,20.8659,0.7103475606731555,,,
2012,Lehigh,15,South,8.90823,-1.0404881665773404,,,
2012,Michigan State,1,West,28.8179,1.8746752016848198,,,
2012,Long Island University,16,West,,,,,
2012,Memphis,8,West,22.5554,0.9577232585465465,,,
2012,Saint Louis,9,West,20.5785,0.6682666044323665,,,
2012,New Mexico,5,West,19.9522,0.5765640891449418,,,
2012,Long Beach State,12,West,15.6363,-0.05536770987948495,,,
2012,Louisville,4,West,18.8157,0.41015835926443905,,,
2012,Davidson,13,West,10.6934,-0.7791045178217075,,,
2012,Murray State,6,West,15.069,-0.13843147632137584,,,
2012,Colorado State,11,West,9.50647,-0.9528941816730625,,,
2012,Marquette,3,West,19.3365,0.48641362026027357,,,
2012,BYU,14,West,12.9336,-0.4510956167409317,,,
2012,Iona,14,West,12.3492,-0.5366631561533081,,,
2012,Florida,7,West,20.2909,0.6261563642971865,,,
2012,Virginia,10,West,17.3633,0.19749871819233875,,,
2012,Missouri,2,West,26.6802,1.5616742964797599,,,
2012,Norfolk State,15,West,-2.44646,-2.703035880626477,,,
2012,Syracuse,1,East,25.5085,1.3901146011863288,,,
2012,UNC Asheville,16,East,4.96548,-1.617783539640562,,,
2012,Kansas State,8,East,18.2953,0.3339616660573882,,,
2012,Southern Miss,9,East,11.2651,-0.6953965057032004,,,
2012,Vanderbilt,5,East,20.3275,0.6315153169708569,,,
2012,Harvard,12,East,14.756,-0.1842607710442948,,,
2012,Wisconsin,4,East,23.2991,1.0666154198418654,,,
2012,Montana,13,East,7.87347,-1.1919971793808148,,,
2012,Cincinnati,6,East,15.1423,-0.1276989290268393,,,
2012,Texas,11,East,16.5122,0.07288110560870872,,,
2012,Florida State,3,East,,,,,
2012,St. Bonaventure,14,East,11.5887,-0.6480151645775247,,,
2012,Gonzaga,7,East,17.0149,0.1464861741620996,,,
2012,West Virginia,10,East,14.5249,-0.21809831101383645,,,
2012,Ohio State,2,East,29.9016,2.0333499834459285,,,
2012,Loyola Maryland,15,East,,,,,
2012,North Carolina,1,Midwest,26.2727,1.5020083616567905,,,
2012,Vermont,16,Midwest,4.2234,-1.7264385013913084,,,
2012,Lamar,16,Midwest,7.476,-1.2501945269000436,,,
2012,Creighton,8,Midwest,17.0818,0.15628163683610374,,,
2012,Alabama,9,Midwest,16.6596,0.09446333577534863,,,
2012,Temple,5,Midwest,15.5352,-0.0701707184944598,,,
2012,South Florida,12,Midwest,11.4773,-0.6643262937536689,,,
2012,California,12,Midwest,16.549,0.07826934217677067,,,
2012,Michigan,4,Midwest,18.1066,0.30633231169887437,,,
2012,Ohio,13,Midwest,10.7829,-0.765999975081448,,,
2012,San Diego State,6,Midwest,12.4935,-0.5155348263497388,,,
2012,NC State,11,Midwest,13.1406,-0.42078678604558295,,,
2012,Georgetown,3,Midwest,20.3352,0.632642746904935,,,
2012,Belmont,14,Midwest,17.6692,0.2422884346643545,,,
2012,Saint Mary's,7,Midwest,15.5262,-0.07148849374208371,,,
2012,Purdue,10,Midwest,15.9933,-0.003095958390405069,,,
2012,Kansas,2,Midwest,26.918,1.5964928469114215,,,
2012,Detroit Mercy,15,Midwest,,,,,
2011,Ohio State,1,East,32.232,1.9081652750636895,,,
2011,UTSA,16,East,-5.19344,-2.336237246673406,,,
2011,Alabama State,16,East,-13.0699,-3.229503075648599,,,
2011,George Mason,8,East,18.3096,0.3292320769868591,,,
2011,Villanova,9,East,18.299,0.32802993569659195,,,
2011,West Virginia,5,East,20.1684,0.5400377590952032,,,
2011,Clemson,12,East,17.4409,0.23071319596280118,,,
2011,UAB,12,East,12.5184,-0.327545341899435,,,
2011,Kentucky,4,East,25.2715,1.1187780627142543,,,
2011,Princeton,13,East,8.81724,-0.7472922530206528,,,
2011,Xavier,6,East,16.5395,0.12848582246782522,,,
2011,Marquette,11,East,18.1301,0.3088750617412985,,,
2011,Syracuse,3,East,22.6298,0.8191840394596743,,,
2011,Indiana State,14,East,4.62225,-1.2230442050260775,,,
2011,Washington,7,East,22.2141,0.7720396871611812,,,
2011,Georgia,10,East,11.9637,-0.3904536224382228,,,
2011,North Carolina,2,East,21.5431,0.6959418752961614,,,
2011,Long Island University,15,East,,,,,
2011,Duke,1,West,29.5475,1.603717322825767,,,
2011,Hampton,16,West,-3.79341,-2.177460466426932,,,
2011,Michigan,8,West,15.4164,0.0011155504773573582,,,
2011,Tennessee,9,West,13.3636,-0.23169158543398818,,,
2011,Arizona,5,West,18.8834,0.39430648003924146,,,
2011,Memphis,12,West,6.96184,-0.9577123426396661,,,
2011,Texas,4,West,26.7252,1.2836415338143727,,,
2011,Oakland,13,West,12.9371,-0.28006076093388543,,,
2011,Cincinnati,6,West,19.6039,0.47601806491069704,,,
2011,Missouri,11,West,16.559,0.13069730880369398,,,
2011,UConn,3,West,21.703,0.7140760632502846,,,
2011,Bucknell,14,West,7.57974,-0.8876365781815502,,,
2011,Temple,7,West,16.988,0.17935000819280492,,,
2011,Penn State,10,West,14.4209,-0.1117836622076312,,,
2011,San Diego State,2,West,25.6096,1.1571218334915467,,,
2011,Northern Colorado,15,West,4.58447,-1.2273288180398785,,,
2011,Kansas,1,Southwest,28.7018,1.5078068615824773,,,
2011,Boston University,16,Southwest,-0.385171,-1.7909335957666883,,,
2011,UNLV,8,Southwest,18.7696,0.38140047260222304,,,
2011,Illinois,9,Southwest,19.5782,0.4731034393295777,,,
2011,Vanderbilt,5,Southwest,17.437,0.23027089869562767,,,
2011,Richmond,12,Southwest,15.5729,0.01886414594214977,,,
2011,Louisville,4,Southwest,22.87,0.8464250147353493,,,
2011,Morehead State,13,Southwest,6.79253,-0.9769137145127905,,,
2011,Georgetown,6,Southwest,18.9952,0.4069856683648885,,,
2011,VCU,11,Southwest,8.74997,-0.7549213138316214,,,
2011,USC,11,Southwest,14.3669,-0.1179077782146522,,,
2011,Purdue,3,Southwest,25.6115,1.1573373116473493,,,
2011,Saint Peter's,14,Southwest,3.24183,-1.3795970238855568,,,
2011,Texas A&M,7,Southwest,15.3838,-0.0025816010379921873,,,
2011,Florida State,10,Southwest,,,,,
2011,Notre Dame,2,Southwest,24.6542,1.0487703439895497,,,
2011,Akron,15,Southwest,3.75741,-1.3211253251651889,,,
2011,Pittsburgh,1,Southeast,27.4261,1.3631302913943915,,,
2011,UNC Asheville,16,Southeast,2.393,-1.4758624570381425,,,
2011,Little Rock,16,Southeast,,,,,
2011,Butler,8,Southeast,14.9935,-0.04684535062207177,,,
2011,Old Dominion,9,Southeast,14.251,-0.13105194571861017,,,
2011,Kansas State,5,Southeast,17.4393,0.23053174067370427,,,
2011,Utah State,12,Southeast,20.1997,0.5435874781881619,,,
2011,Wisconsin,4,Southeast,25.5977,1.1557722597788884,,,
2011,Belmont,13,Southeast,18.9677,0.4038669055835352,,,
2011,St. John's,6,Southeast,16.8263,0.16101168303844768,,,
2011,Gonzaga,11,Southeast,16.5087,0.12499280815270963,,,
2011,BYU,3,Southeast,23.4657,0.9139830870572452,,,
2011,Wofford,14,Southeast,7.57016,-0.888723041725018,,,
2011,UCLA,7,Southeast,13.7419,-0.18878875051813573,,,
2011,Michigan State,10,Southeast,14.7956,-0.06928910169224667,,,
2011,Florida,2,Southeast,19.5245,0.4670133461892625,,,
2011,UC Santa Barbara,15,Southeast,4.10161,-1.2820897560982145,,,
2010,Kansas,1,Midwest,32.5121,1.9451396440937196,,,
2010,Lehigh,16,Midwest,-1.45422,-2.296266694553935,,,
2010,UNLV,8,Midwest,17.2431,0.03848524689051848,,,
2010,Northern Iowa,9,Midwest,18.2648,0.16606588724827054,,,
2010,Michigan State,5,Midwest,20.2975,0.41989104889572254,,,
2010,New Mexico State,12,Midwest,6.12172,-1.3502519382537435,,,
2010,Maryland,4,Midwest,22.7026,0.7202181489489953,,,
2010,Houston,13,Midwest,9.30246,-0.9530699415702599,,,
2010,Tennessee,6,Midwest,17.3928,0.05717842674914214,,,
2010,San Diego State,11,Midwest,17.3175,0.0477756448964075,,,
2010,Georgetown,3,Midwest,24.2828,0.9175392098213838,,,
2010,Ohio,14,Midwest,7.35379,-1.196402198050577,,,
2010,Oklahoma State,7,Midwest,16.5333,-0.05014814698824425,,,
2010,Georgia Tech,10,Midwest,18.0357,0.13745795467906113,,,
2010,Ohio State,2,Midwest,25.4713,1.0659483231278217,,,
2010,UC Santa Barbara,15,Midwest,2.37748,-1.8177987101565607,,,
2010,Syracuse,1,West,27.5886,1.3303375663787445,,,
2010,Vermont,16,West,3.12414,-1.7245625733947725,,,
2010,Gonzaga,8,West,16.7934,-0.017669215249915056,,,
2010,Florida State,9,West,,,,,
2010,Butler,5,West,20.0295,0.38642563672397195,,,
2010,UTEP,12,West,17.5793,0.08046685723433401,,,
2010,Vanderbilt,4,West,17.5253,0.07372382642360836,,,
2010,Murray State,13,West,14.5856,-0.2933592786558503,,,
2010,Xavier,6,West,19.8256,0.3609644518664353,,,
2010,Minnesota,11,West,18.7481,0.22641601300426678,,,
2010,Pittsburgh,3,West,18.7753,0.22981250259781766,,,
2010,Oakland,14,West,3.71824,-1.6503767473826945,,,
2010,BYU,7,West,24.4842,0.9426882173265724,,,
2010,Florida,10,West,14.9939,-0.24237447347030655,,,
2010,Kansas State,2,West,24.9367,0.9991923181016358,,,
2010,North Texas,15,West,-0.358811,-2.1594819420104834,,,
2010,Kentucky,1,East,24.9097,0.9958208026962732,,,
2010,East Tennessee State,16,East,,,,,
2010,Texas,8,East,20.6323,0.4616978399222229,,,
2010,Wake Forest,9,East,14.8954,-0.2546742611528342,,,
2010,Temple,5,East,21.0266,0.5109344519346152,,,
2010,Cornell,12,East,13.552,-0.4224258832107805,,,
2010,Wisconsin,4,East,25.564,1.0775238593529013,,,
2010,Wofford,13,East,9.42513,-0.9377520232452279,,,
2010,Marquette,6,East,20.4947,0.44451559844896604,,,
2010,Washington,11,East,17.9107,0.1218490870616402,,,
2010,New Mexico,3,East,17.3849,0.056191946315720775,,,
2010,Montana,14,East,8.50753,-1.0523335986511915,,,
2010,Clemson,7,East,19.633,0.33691430864151284,,,
2010,Missouri,10,East,19.6787,0.34262091064244193,,,
2010,West Virginia,2,East,25.7322,1.0985271516189026,,,
2010,Morgan State,15,East,,,,,
2010,Duke,1,South,31.5489,1.8248639537809213,,,
2010,Arkansas-Pine Bluff,16,South,,,,,
2010,Winthrop,16,South,-4.11173,-2.628112468809713,,,
2010,California,8,South,22.2322,0.6614788583311166,,,
2010,Louisville,9,South,17.834,0.11227148589159086,,,
2010,Texas A&M,5,South,20.1487,0.4013102528839449,,,
2010,Utah State,12,South,21.2893,0.5437380481193873,,,
2010,Purdue,4,South,22.5959,0.7068944195507647,,,
2010,Siena,13,South,13.9156,-0.3770228090852265,,,
2010,Notre Dame,6,South,18.3693,0.17911490057643417,,,
2010,Old Dominion,11,South,17.6423,0.08833372651351401,,,
2010,Baylor,3,South,23.4007,0.8073905528187677,,,
2010,Sam Houston,14,South,,,,,
2010,Richmond,7,South,15.2274,-0.21321710876096434,,,
2010,Saint Mary's,10,South,19.4058,0.30854363086008857,,,
2010,Villanova,2,South,22.9755,0.7542954287313486,,,
2010,Robert Morris,15,South,-1.83054,-2.3432581270482373,,,
2009,Louisville,1,Midwest,25.3676,1.1276133227878458,,,
2009,Morehead State,16,Midwest,-0.017075,-1.9330391165704515,,,
2009,Alabama State,16,Midwest,-2.01623,-2.1740789812685555,,,
2009,Ohio State,8,Midwest,16.4647,0.05418289272076863,,,
2009,Siena,9,Midwest,11.6737,-0.5234721624243378,,,
2009,Utah,5,Midwest,19.0381,0.3644599786966435,,,
2009,Arizona,12,Midwest,16.0133,-0.00024279959659742988,,,
2009,Wake Forest,4,Midwest,20.299,0.5164877931471683,,,
2009,Cleveland State,13,Midwest,11.7042,-0.5197947507812726,,,
2009,West Virginia,6,Midwest,25.031,1.0870291667532304,,,
2009,Dayton,11,Midwest,9.41849,-0.7953848021475262,,,
2009,Kansas,3,Midwest,23.1309,0.8579324499339409,,,
2009,North Dakota State,14,Midwest,12.4256,-0.43281492260726306,,,
2009,Boston College,7,Midwest,12.1159,-0.4701557221435685,,,
2009,USC,10,Midwest,17.6587,0.1981445157312584,,,
2009,Michigan State,2,Midwest,22.7829,0.8159737859409338,,,
2009,Robert Morris,15,Midwest,1.5095,-1.7489786352913574,,,
2009,UConn,1,West,28.0401,1.4498389823318443,,,
2009,Chattanooga,16,West,-3.84568,-2.3946573658720234,,,
2009,BYU,8,West,21.6562,0.6801265827198959,,,
2009,Texas A&M,9,West,14.3716,-0.19818400269234387,,,
2009,Purdue,5,West,21.9637,0.7172021263344066,,,
2009,Northern Iowa,12,West,9.85203,-0.7431125056316403,,,
2009,Washington,4,West,21.9358,0.7138381989625535,,,
2009,Mississippi State,13,West,11.8111,-0.5069057243995126,,,
2009,Marquette,6,West,20.9824,0.598885928126539,,,
2009,Utah State,11,West,15.293,-0.08708999980970974,,,
2009,Missouri,3,West,23.484,0.9005060253820181,,,
2009,Cornell,14,West,5.49712,-1.2681878085333258,,,
2009,California,7,West,18.2213,0.26597768918661985,,,
2009,Maryland,10,West,13.2883,-0.32879843000161013,,,
2009,Memphis,2,West,29.4398,1.618602034030155,,,
2009,Cal State Northridge,15,West,,,,,
2009,Pittsburgh,1,East,29.4777,1.6231716701374392,,,
2009,East Tennessee State,16,East,,,,,
2009,Oklahoma State,8,East,17.7655,0.211021485025664,,,
2009,Tennessee,9,East,16.5817,0.06828968492531423,,,
2009,Florida State,5,East,,,,,
2009,Wisconsin,12,East,17.9651,0.23508743138487154,,,
2009,Xavier,4,East,19.0951,0.3713325184886014,,,
2009,Portland State,13,East,4.85027,-1.3461790780846954,,,
2009,UCLA,6,East,25.1136,1.0969883209078928,,,
2009,VCU,11,East,12.7601,-0.39248396540708813,,,
2009,Villanova,3,East,21.7081,0.6863842110567844,,,
2009,American University,14,East,,,,,
2009,Texas,7,East,18.5075,0.300485073194662,,,
2009,Minnesota,10,East,15.7592,-0.030879858563905335,,,
2009,Duke,2,East,25.3284,1.1228869445449552,,,
2009,Binghamton,15,East,-0.871417,-2.0360478778150313,,,
2009,North Carolina,1,South,28.5574,1.5122102952157026,,,
2009,Radford,16,South,-0.465293,-1.9870811523682035,,,
2009,LSU,8,South,14.7097,-0.15741899034741383,,,
2009,Butler,9,South,16.1506,0.016311581340873446,,,
2009,Illinois,5,South,19.0963,0.3714772035368532,,,
2009,Western Kentucky,12,South,7.03093,-1.083254996984147,,,
2009,Gonzaga,4,South,25.9534,1.1982437405094077,,,
2009,Akron,13,South,6.9826,-1.0890821873024863,,,
2009,Arizona State,6,South,23.4381,0.8949718222863883,,,
2009,Temple,11,South,14.3226,-0.2040919754959571,,,
2009,Syracuse,3,South,21.693,0.6845635908662832,,,
2009,Stephen F. Austin,14,South,6.73718,-1.1186726910874396,,,
2009,Clemson,7,South,20.2938,0.5158608246047443,,,
2009,Michigan,10,South,14.4984,-0.18289561592707584,,,
2009,Oklahoma,2,South,23.2882,0.8768982483422741,,,
2009,Morgan State,15,South,,,,,
2008,North Carolina,1,East,28.1446,1.363190756330365,,,
2008,Mount St. Mary's,16,East,-1.04085,-1.8628407099246942,,,
2008,Coppin State,16,East,-14.2405,-3.3218720506630963,,,
2008,Indiana,8,East,19.5064,0.4083620656024695,,,
2008,Arkansas,9,East,14.8678,-0.10436840658044051,,,
2008,Notre Dame,5,East,19.1955,0.3739965450140017,,,
2008,George Mason,12,East,10.2781,-0.6116936875225142,,,
2008,Washington State,4,East,23.9044,0.8944976704531656,,,
2008,Winthrop,13,East,7.30673,-0.9401358776510301,,,
2008,Oklahoma,6,East,15.0751,-0.08145437500118873,,,
2008,Saint Joseph's,11,East,14.5658,-0.13775016025595457,,,
2008,Louisville,3,East,23.198,0.8164153168227584,,,
2008,Boise State,14,East,4.12039,-1.2923399074736692,,,
2008,Butler,7,East,19.2975,0.38527117705010244,,,
2008,South Alabama,10,East,12.6239,-0.35239925781383685,,,
2008,Tennessee,2,East,22.3372,0.7212662652867239,,,
2008,American University,15,East,,,,,
2008,Kansas,1,Midwest,33.9647,2.0065190495981087,,,
2008,Portland State,16,Midwest,5.83665,-1.1026320645493728,,,
2008,UNLV,8,Midwest,13.6193,-0.24237211341447737,,,
2008,Kent State,9,Midwest,,,,,
2008,Clemson,5,Midwest,22.3653,0.7243723158770616,,,
2008,Villanova,12,Midwest,12.9811,-0.312915938565845,,,
2008,Vanderbilt,4,Midwest,13.5159,-0.25380149530205404,,,
2008,Siena,13,Midwest,6.75339,-1.0012996510907948,,,
2008,USC,6,Midwest,19.9654,0.45909790976492276,,,
2008,Kansas State,11,Midwest,18.8909,0.3403273987571753,,,
2008,Wisconsin,3,Midwest,27.4107,1.282068673474538,,,
2008,Cal State Fullerton,14,Midwest,,,,,
2008,Gonzaga,7,Midwest,19.3301,0.38887463787732707,,,
2008,Davidson,10,Midwest,20.5532,0.5240707402631583,,,
2008,Georgetown,2,Midwest,24.9836,1.0137876988194392,,,
2008,UMBC,15,Midwest,4.10027,-1.2945638839105942,,,
2008,Memphis,1,South,29.3779,1.4995143219198064,,,
2008,UT Arlington,16,South,-1.99751,-1.9685857048624993,,,
2008,Mississippi State,8,South,15.8174,0.000596206963493163,,,
2008,Oregon,9,South,16.6554,0.09322504663263455,,,
2008,Michigan State,5,South,20.8814,0.5603485268734352,,,
2008,Temple,12,South,12.4365,-0.373113630789967,,,
2008,Pittsburgh,4,South,19.5116,0.4089368507650945,,,
2008,Oral Roberts,13,South,11.1323,-0.5172741710005804,,,
2008,Marquette,6,South,21.8442,0.6667722104455704,,,
2008,Kentucky,11,South,9.70175,-0.6754008853068931,,,
2008,Stanford,3,South,23.9361,0.8980016492330126,,,
2008,Cornell,14,South,5.04434,-1.1902105322799903,,,
2008,Miami,7,South,,,,,
2008,Saint Mary's,10,South,15.7105,-0.011220049552773139,,,
2008,Texas,2,South,24.8513,0.9991638378549673,,,
2008,Austin Peay,15,South,-0.173098,-1.7669232148404737,,,
2008,UCLA,1,West,30.5753,1.6318696591749728,,,
2008,Mississippi Valley State,16,West,,,,,
2008,BYU,8,West,16.0675,0.028241162573579337,,,
2008,Texas A&M,9,West,19.6026,0.41899559111102724,,,
2008,Drake,5,West,22.3393,0.7214983900639379,,,
2008,Western Kentucky,12,West,14.0646,-0.19315060708432394,,,
2008,UConn,5,West,19.1215,0.365816910007419,,,
2008,San Diego,13,West,4.53284,-1.2467494958727894,,,
2008,Purdue,6,West,18.089,0.25168889454394816,,,
2008,Baylor,11,West,15.3717,-0.048669513609938986,,,
2008,Xavier,3,West,22.3453,0.7221616037131203,,,
2008,Georgia,14,West,7.89531,-0.875076829378401,,,
2008,West Virginia,7,West,20.14,0.47839742695613063,,,
2008,Arizona,10,West,20.2271,0.48802507843009507,,,
2008,Duke,2,West,27.6285,1.306143328939859,,,
2008,Belmont,15,West,2.57916,-1.4627007028952332,,,
2007,Florida,1,Midwest,28.8619,1.47082488151079,,,
2007,Jackson State,16,Midwest,,,,,
2007,Arizona,8,Midwest,19.2093,0.3754325853607386,,,
2007,Purdue,9,Midwest,17.5977,0.19254567152659835,,,
2007,Butler,5,Midwest,20.9727,0.5755460029923614,,,
2007,Old Dominion,12,Midwest,13.2754,-0.29795576038287347,,,
2007,Maryland,4,Midwest,22.3158,0.7279631126787809,,,
2007,Davidson,13,Midwest,13.6084,-0.2601663943449182,,,
2007,Notre Dame,6,Midwest,20.7354,0.5486168241310796,,,
2007,Winthrop,11,Midwest,14.7077,-0.13541609378778818,,,
2007,Oregon,3,Midwest,19.7274,0.4342273917999718,,,
2007,Miami (OH),14,Midwest,,,,,
2007,UNLV,7,Midwest,15.6493,-0.028561838348332733,,,
2007,Georgia Tech,10,Midwest,19.7464,0.4363835418141496,,,
2007,Wisconsin,2,Midwest,26.0394,1.150523122825719,,,
2007,Texas A&M-Corpus Christi,15,Midwest,,,,,
2007,Kansas,1,West,28.2605,1.4025770594830835,,,
2007,Niagara,16,West,-2.69168,-2.109925221876312,,,
2007,Florida A&M,16,West,-9.28363,-2.857990121137271,,,
2007,Kentucky,8,West,20.9347,0.571233702964006,,,
2007,Villanova,9,West,20.6914,0.5436236346245633,,,
2007,Virginia Tech,5,West,17.9139,0.22842854702570206,,,
2007,Illinois,12,West,17.6003,0.19284072363380172,,,
2007,Southern Illinois,4,West,20.283,0.4972777574777136,,,
2007,Holy Cross,13,West,7.65535,-0.9357279123396619,,,
2007,Duke,6,West,23.6432,0.8785985615640118,,,
2007,VCU,11,West,14.3693,-0.1738182603560887,,,
2007,Pittsburgh,3,West,22.8504,0.7886303651829579,,,
2007,Wright State,14,West,7.03058,-1.0066277988848071,,,
2007,Indiana,7,West,21.0657,0.5860997899038624,,,
2007,Gonzaga,10,West,15.7845,-0.01321912877376358,,,
2007,UCLA,2,West,25.2454,1.0604187485490326,,,
2007,Weber State,15,West,-2.30205,-2.06570939398031,,,
2007,North Carolina,1,East,31.7371,1.7971071194457124,,,
2007,Eastern Kentucky,16,East,-2.80238,-2.1224876327483893,,,
2007,Marquette,8,East,17.8501,0.2211884222412529,,,
2007,Michigan State,9,East,20.769,0.5524298052087832,,,
2007,USC,5,East,14.4031,-0.16998258296244645,,,
2007,Arkansas,12,East,16.8885,0.11206453520792611,,,
2007,Texas,4,East,20.5363,0.5260226416140922,,,
2007,New Mexico State,13,East,7.5367,-0.9491925017703028,,,
2007,Vanderbilt,6,East,13.6783,-0.25223403192433835,,,
2007,George Washington,11,East,8.66941,-0.8206507816356112,,,
2007,Washington State,3,East,17.8933,0.22609082648401455,,,
2007,Oral Roberts,14,East,9.03458,-0.779210713178914,,,
2007,Boston College,7,East,15.9057,0.0005348386850958174,,,
2007,Texas Tech,10,East,11.6325,-0.48439464766142215,,,
2007,Georgetown,2,East,28.0911,1.3833532798829948,,,
2007,Belmont,15,East,4.67153,-1.2743365194608984,,,
2007,Ohio State,1,South,28.8677,1.4714830746730128,,,
2007,Central Connecticut,16,South,-2.02233,-2.033966326508428,,,
2007,BYU,8,South,15.7494,-0.017202332221007505,,,
2007,Xavier,9,South,18.3007,0.27232322205117054,,,
2007,Tennessee,5,South,16.4443,0.061656017508046786,,,
2007,Long Beach State,12,South,6.37727,-1.0807664497144063,,,
2007,Virginia,4,South,14.2454,-0.1878786280801208,,,
2007,UAlbany,13,South,,,,,
2007,Louisville,6,South,19.4594,0.4038143284420978,,,
2007,Stanford,11,South,12.3543,-0.402483643438611,,,
2007,Texas A&M,3,South,27.3305,1.2970391903680734,,,
2007,Pennsylvania,14,South,,,,,
2007,Nevada,7,South,16.2229,0.036531195763892826,,,
2007,Creighton,10,South,19.1102,0.36418656081310685,,,
2007,Memphis,2,South,24.8739,1.0182603416928753,,,
2007,North Texas,15,South,-1.24693,-1.945972709614042,,,
2006,Duke,1,South,28.5656,1.8718387531360103,,,
2006,Southern,16,South,-3.64127,-2.6003791898846718,,,
2006,George Washington,8,South,14.89,-0.02714316288295198,,,
2006,UNC Wilmington,9,South,14.7547,-0.04593080315009691,,,
2006,Syracuse,5,South,13.3126,-0.24617955429015262,,,
2006,Texas A&M,12,South,15.8005,0.09928807483497362,,,
2006,LSU,4,South,20.2666,0.7194468346065588,,,
2006,Iona,13,South,11.4947,-0.49861156642350485,,,
2006,West Virginia,6,South,17.9911,0.4034728846591231,,,
2006,Southern Illinois,11,South,14.7533,-0.04612520593187081,,,
2006,Iowa,3,South,19.3097,0.586572533264128,,,
2006,Northwestern State,14,South,,,,,
2006,California,7,South,13.3727,-0.2378341205868606,,,
2006,NC State,10,South,16.6834,0.22188680056935756,,,
2006,Texas,2,South,26.3414,1.5629882765492884,,,
2006,Pennsylvania,15,South,,,,,
2006,Memphis,1,West,22.2972,1.0014141836565533,,,
2006,Oral Roberts,16,West,6.0496,-1.2547134143069507,,,
2006,Arkansas,8,West,18.107,0.41956665780740166,,,
2006,Bucknell,9,West,12.6066,-0.34421409995611146,,,
2006,Pittsburgh,5,West,21.5662,0.8999081597446325,,,
2006,Kent State,12,West,,,,,
2006,Kansas,4,West,24.1225,1.25487375335071,,,
2006,Bradley,13,West,16.3566,0.17650763693814617,,,
2006,Indiana,6,West,16.6049,0.210986358877038,,,
2006,San Diego State,11,West,13.0107,-0.2881011255883863,,,
2006,Gonzaga,3,West,14.6999,-0.053540283465245024,,,
2006,Xavier,14,West,12.9902,-0.29094773775007493,,,
2006,Marquette,7,West,15.573,0.06769762279672212,,,
2006,Alabama,10,West,11.0491,-0.5604871946795266,,,
2006,UCLA,2,West,22.2382,0.9932214949960835,,,
2006,Belmont,15,West,0.328042,-2.04920397950728,,,
2006,UConn,1,East,25.9129,1.5034871394135045,,,
2006,UAlbany,16,East,,,,,
2006,Kentucky,8,East,15.943,0.11907550083695542,,,
2006,UAB,9,East,12.5331,-0.35442024599923905,,,
2006,Washington,5,East,18.7484,0.5086309036857956,,,
2006,Utah State,12,East,11.7478,-0.46346632066138843,,,
2006,Illinois,4,East,23.7637,1.2050510975646676,,,
2006,Air Force,13,East,15.2867,0.027942253923968437,,,
2006,Michigan State,6,East,17.0338,0.27054303966475707,,,
2006,George Mason,11,East,16.5044,0.19703101632827186,,,
2006,North Carolina,3,East,23.2731,1.1369268084659148,,,
2006,Murray State,14,East,8.28998,-0.9436161969994422,,,
2006,Wichita State,7,East,15.4525,0.05096509765118666,,,
2006,Seton Hall,10,East,9.75889,-0.7396446325884173,,,
2006,Tennessee,2,East,19.1437,0.5635219177109421,,,
2006,Winthrop,15,East,9.66427,-0.752783483453733,,,
2006,Villanova,1,Midwest,25.8328,1.492364523113443,,,
2006,Monmouth,16,Midwest,-1.88684,-2.356760566722167,,,
2006,Hampton,16,Midwest,-9.77332,-3.4518703170106537,,,
2006,Arizona,8,Midwest,15.7758,0.09585825432796355,,,
2006,Wisconsin,9,Midwest,16.4836,0.19414274642763155,,,
2006,Nevada,5,Midwest,16.2837,0.16638480637292172,,,
2006,Montana,12,Midwest,8.81599,-0.8705749061131094,,,
2006,Boston College,4,Midwest,18.1943,0.4316890598422998,,,
2006,Pacific,13,Midwest,11.3464,-0.5192043753785498,,,
2006,Oklahoma,6,Midwest,14.8143,-0.03765479901172423,,,
2006,Milwaukee,11,Midwest,12.1486,-0.40781158142213014,,,
2006,Florida,3,Midwest,23.9172,1.2263659739948727,,,
2006,South Alabama,14,Midwest,9.98002,-0.7089387132072367,,,
2006,Georgetown,7,Midwest,19.7838,0.652405646720546,,,
2006,Northern Iowa,10,Midwest,16.3692,0.17825726197411074,,,
2006,Ohio State,2,Midwest,22.7439,1.0634425569553971,,,
2006,Davidson,15,Midwest,4.83337,-1.4235980537903914,,,
2005,Illinois,1,Midwest,33.3107,1.9544750326967932,,,
2005,Fairleigh Dickinson,16,Midwest,-3.07905,-1.9198977805257285,,,
2005,Texas,8,Midwest,17.8724,0.3107778431757537,,,
2005,Nevada,9,Midwest,11.6337,-0.3534490248255749,,,
2005,Alabama,5,Midwest,21.4752,0.694363615858394,,,
2005,Milwaukee,12,Midwest,12.9683,-0.2113557717384617,,,
2005,Boston College,4,Midwest,18.0519,0.329888991781431,,,
2005,Pennsylvania,13,Midwest,,,,,
2005,LSU,6,Midwest,14.5794,-0.03982389698299329,,,
2005,UAB,11,Midwest,12.3689,-0.27517316713814366,,,
2005,Arizona,3,Midwest,20.6464,0.6061222790094508,,,
2005,Utah State,14,Midwest,20.2874,0.5678999817980965,,,
2005,Southern Illinois,7,Midwest,16.5489,0.16986639370715317,,,
2005,Saint Mary's,10,Midwest,9.81777,-0.5467889027504074,,,
2005,Oklahoma State,2,Midwest,25.7432,1.1487724306162235,,,
2005,SE Louisiana,15,Midwest,,,,,
2005,Washington,1,West,22.6814,0.8227862757367663,,,
2005,Montana,16,West,-3.00797,-1.9123299786154688,,,
2005,Pacific,8,West,14.1981,-0.080420448310819,,,
2005,Pittsburgh,9,West,18.8718,0.4171827563596748,,,
2005,Georgia Tech,5,West,20.3479,0.5743413438629624,,,
2005,George Washington,12,West,14.7044,-0.02651529767541862,,,
2005,Louisville,4,West,24.7011,1.0378212999088348,,,
2005,Louisiana,13,West,,,,,
2005,Texas Tech,6,West,15.6457,0.07370377855034166,,,
2005,UCLA,11,West,11.4675,-0.37114413846492617,,,
2005,Gonzaga,3,West,18.4368,0.3708688307693151,,,
2005,Winthrop,14,West,5.00565,-1.059129517950137,,,
2005,West Virginia,7,West,13.8568,-0.11675824786022092,,,
2005,Creighton,10,West,14.4361,-0.055080875229196885,,,
2005,Wake Forest,2,West,25.8856,1.1639335869474123,,,
2005,Chattanooga,15,West,-0.470586,-1.6421777630518608,,,
2005,North Carolina,1,East,32.0028,1.8152244964217783,,,
2005,Oakland,16,East,-0.980674,-1.696486217480678,,,
2005,Alabama A&M,16,East,-12.2885,-2.9004168196708764,,,
2005,Minnesota,8,East,15.0549,0.010802014783020772,,,
2005,Iowa State,9,East,13.0077,-0.2071609012367141,,,
2005,Villanova,5,East,23.8126,0.943223776030594,,,
2005,New Mexico,12,East,15.6566,0.07486428840996211,,,
2005,Florida,4,East,24.8756,1.056400104542209,,,
2005,Ohio,13,East,8.03021,-0.7371082609763927,,,
2005,Wisconsin,6,East,20.345,0.5740325843590266,,,
2005,Northern Iowa,11,East,13.3809,-0.16742674714401912,,,
2005,Kansas,3,East,23.935,0.9562555564725711,,,
2005,Bucknell,14,East,5.8484,-0.9694029414184686,,,
2005,Charlotte,7,East,12.2743,-0.28524511509411615,,,
2005,NC State,10,East,19.009,0.43179027495966876,,,
2005,UConn,2,East,22.7543,0.830547850852944,,,
2005,UCF,15,East,-3.33956,-1.9476339661706585,,,
2005,Duke,1,South,28.6957,1.4631215462611369,,,
2005,Delaware State,16,South,-5.33826,-2.1604331456590544,,,
2005,Stanford,8,South,11.907,-0.32435110329949357,,,
2005,Mississippi State,9,South,14.4497,-0.05363289962453273,,,
2005,Michigan State,5,South,25.6192,1.1355703001031092,,,
2005,Old Dominion,12,South,10.002,-0.5271741567469315,,,
2005,Syracuse,4,South,21.3833,0.6845791336474648,,,
2005,Vermont,13,South,13.6451,-0.13929769164752942,,,
2005,Utah,6,South,20.1555,0.5538567478087435,,,
2005,UTEP,11,South,11.7556,-0.3404704787808281,,,
2005,Oklahoma,3,South,23.6343,0.9242403899782695,,,
2005,Niagara,14,South,5.48207,-1.0084056548932192,,,
2005,Cincinnati,7,South,20.1864,0.5571466335575759,,,
2005,Iowa,10,South,17.8671,0.3102135585651127,,,
2005,Kentucky,2,South,23.9456,0.9573841256938534,,,
2005,Eastern Kentucky,15,South,1.35916,-1.4473669122627606,,,
2004,Kentucky,1,Midwest,24.6321,1.0311994568302443,,,
2004,Florida A&M,16,Midwest,-10.7325,-2.619781995062838,,,
2004,Lehigh,16,Midwest,-5.7816,-2.1086594581140963,,,
2004,Washington,8,Midwest,11.1048,-0.3653361011625874,,,
2004,UAB,9,Midwest,14.4594,-0.019012874587974998,,,
2004,Providence,5,Midwest,18.6645,0.41511453257499586,,,
2004,Pacific,12,Midwest,8.74172,-0.6092964810153073,,,
2004,Kansas,4,Midwest,18.1966,0.36680932846295233,,,
2004,UIC,13,Midwest,,,,,
2004,Boston College,6,Midwest,14.6068,-0.003795548052144313,,,
2004,Utah,11,Midwest,14.839,0.020176386965629844,,,
2004,Georgia Tech,3,Midwest,24.8537,1.0540770657877754,,,
2004,Northern Iowa,14,Midwest,8.4316,-0.6413127449589426,,,
2004,Michigan State,7,Midwest,14.9366,0.03025244578447028,,,
2004,Nevada,10,Midwest,18.8308,0.4322830631239012,,,
2004,Gonzaga,2,Midwest,26.7299,1.2477727784507717,,,
2004,Valparaiso,15,Midwest,0.881225,-1.4208006814784346,,,
2004,Saint Joseph's,1,East,27.8057,1.358836549734671,,,
2004,Liberty,16,East,-2.70715,-1.791258443405244,,,
2004,Texas Tech,8,East,16.0926,0.14959592933549037,,,
2004,Charlotte,9,East,14.6558,0.0012631290187898742,,,
2004,Florida,5,East,19.9244,0.5451844762825477,,,
2004,Manhattan,12,East,11.6168,-0.31247808768670304,,,
2004,Wake Forest,4,East,22.3686,0.7975195476453534,,,
2004,VCU,13,East,8.73412,-0.61008109215284,,,
2004,Wisconsin,6,East,24.6539,1.033450051935272,,,
2004,Richmond,11,East,15.0585,0.04283719547726384,,,
2004,Pittsburgh,3,East,26.1303,1.1858710892317477,,,
2004,UCF,14,East,5.82918,-0.9099821813454874,,,
2004,Memphis,7,East,15.9997,0.14000509056222932,,,
2004,South Carolina,10,East,16.596,0.20156609336627185,,,
2004,Oklahoma State,2,East,24.7896,1.047459490272533,,,
2004,Eastern Washington,15,East,3.42788,-1.157888329313536,,,
2004,Duke,1,South,31.7279,1.7637578396860643,,,
2004,Alabama State,16,South,-10.6902,-2.6154150146526236,,,
2004,Seton Hall,8,South,17.629,0.30821126508617136,,,
2004,Arizona,9,South,16.6199,0.20403348891719703,,,
2004,Illinois,5,South,19.1845,0.4687984525114408,,,
2004,Murray State,12,South,11.6398,-0.3101036066125911,,,
2004,Cincinnati,4,South,23.8562,0.9510968539866141,,,
2004,East Tennessee State,13,South,,,,,
2004,North Carolina,6,South,23.0232,0.8650993437807319,,,
2004,Air Force,11,South,16.1376,0.15424165317614408,,,
2004,Texas,3,South,20.3341,0.5874812108940123,,,
2004,Princeton,14,South,5.49455,-0.9445288162076653,,,
2004,Xavier,7,South,17.837,0.3296848330607492,,,
2004,Louisville,10,South,21.6473,0.7230537563950501,,,
2004,Mississippi State,2,South,22.6715,0.8287904310083327,,,
2004,Monmouth,15,South,-3.56253,-1.8795664269345447,,,
2004,Stanford,1,West,23.0568,0.8685681509150868,,,
2004,UTSA,16,West,-7.53956,-2.290148273290006,,,
2004,Alabama,8,West,16.4613,0.1876598933365813,,,
2004,Southern Illinois,9,West,14.3539,-0.02990451603661923,,,
2004,Syracuse,5,West,15.6907,0.10810445352307246,,,
2004,BYU,12,West,16.3472,0.1758804024428344,,,
2004,Maryland,4,West,20.2142,0.5751029378163591,,,
2004,UTEP,13,West,14.5091,-0.013881930701741733,,,
2004,Vanderbilt,6,West,18.9602,0.44564210012347044,,,
2004,Western Michigan,11,West,17.4602,0.29078463876834065,,,
2004,NC State,3,West,24.3286,0.9998666304827231,,,
2004,Louisiana,14,West,,,,,
2004,DePaul,7,West,11.8121,-0.2923156462182652,,,
2004,Dayton,10,West,9.7763,-0.5024881927694472,,,
2004,UConn,2,West,25.8489,1.1568198294815255,,,
2004,Vermont,15,West,-1.29931,-1.6459154244757734,,,
2003,Kentucky,1,Midwest,29.7672,1.747786833496832,,,
2003,IU Indianapolis,16,Midwest,,,,,
2003,Oregon,8,Midwest,14.3485,-0.14328029627503586,,,
2003,Utah,9,Midwest,14.8447,-0.08242253850085249,,,
2003,Wisconsin,5,Midwest,22.3863,0.8425368851786742,,,
2003,Weber State,12,Midwest,8.7425,-0.830842952627458,,,
2003,Dayton,4,Midwest,15.8425,0.03995527429052224,,,
2003,Tulsa,13,Midwest,11.4437,-0.49954715395832444,,,
2003,Missouri,6,Midwest,17.6329,0.2595436046389662,,,
2003,Southern Illinois,11,Midwest,11.8425,-0.4506352760858047,,,
2003,Marquette,3,Midwest,21.2188,0.6993457682875841,,,
2003,Holy Cross,14,Midwest,10.1775,-0.6548435926799507,,,
2003,Indiana,7,Midwest,14.5633,-0.11693558371982705,,,
2003,Alabama,10,Midwest,15.468,-0.005976265988461296,,,
2003,Pittsburgh,2,Midwest,27.1788,1.4303256883483109,,,
2003,Wagner,15,Midwest,-1.04621,-2.0314051092210215,,,
2003,Arizona,1,West,26.4243,1.3377880457835762,,,
2003,Vermont,16,West,1.8376,-1.677712625450833,,,
2003,Cincinnati,8,West,15.3334,-0.022484638008624786,,,
2003,Gonzaga,9,West,14.9545,-0.06895582789302233,,,
2003,Notre Dame,5,West,19.6817,0.5108240845417208,,,
2003,Milwaukee,12,West,12.6377,-0.35310587467099075,,,
2003,Illinois,4,West,24.9472,1.1566252202933582,,,
2003,Western Kentucky,13,West,11.5715,-0.4838727858738007,,,
2003,Creighton,6,West,18.3096,0.3425392609988813,,,
2003,Central Michigan,11,West,10.3641,-0.631957543504895,,,
2003,Duke,3,West,22.8018,0.8934969785990153,,,
2003,Colorado State,14,West,6.27421,-1.133572890024554,,,
2003,Memphis,7,West,17.8261,0.28323912822214287,,,
2003,Arizona State,10,West,16.7407,0.1501173823775266,,,
2003,Kansas,2,West,27.1016,1.4208572907260482,,,
2003,Utah State,15,West,6.73911,-1.0765540033070653,,,
2003,Texas,1,South,23.3866,0.9652213170640345,,,
2003,UNC Asheville,16,South,-13.3682,-3.5426680731789206,,,
2003,Texas Southern,16,South,-9.73895,-3.0975491344406,,,
2003,LSU,8,South,20.0374,0.554449849233936,,,
2003,Purdue,9,South,15.962,0.054611666983015054,,,
2003,UConn,5,South,18.3956,0.3530869578319726,,,
2003,BYU,12,South,18.2088,0.33017637912939796,,,
2003,Stanford,4,South,14.8974,-0.07595900799964442,,,
2003,San Diego,13,South,8.36166,-0.8775520789287881,,,
2003,Maryland,6,South,21.493,0.7329757505158809,,,
2003,UNC Wilmington,11,South,14.4278,-0.13355433861382518,,,
2003,Xavier,3,South,20.8379,0.6526292831279984,,,
2003,Troy,14,South,,,,,
2003,Michigan State,7,South,17.7907,0.2788974018513125,,,
2003,Colorado,10,South,15.8705,0.04338940814315659,,,
2003,Florida,2,South,23.6341,0.9955766073685696,,,
2003,Sam Houston,15,South,,,,,
2003,Oklahoma,1,East,23.4861,0.9774247570046455,,,
2003,South Carolina State,16,East,,,,,
2003,California,8,East,13.5863,-0.23676232564924493,,,
2003,NC State,9,East,13.034,-0.30450061589245614,,,
2003,Mississippi State,5,East,22.4034,0.8446341597815333,,,
2003,Butler,12,East,15.3765,-0.017198524828319763,,,
2003,Louisville,4,East,23.6507,0.9976125581526314,,,
2003,Austin Peay,13,East,3.16008,-1.5155135776854116,,,
2003,Oklahoma State,6,East,17.3367,0.2232153743835993,,,
2003,Pennsylvania,11,East,,,,,
2003,Syracuse,3,East,19.9564,0.544515390588815,,,
2003,Manhattan,14,East,10.0239,-0.6736822698144017,,,
2003,Saint Joseph's,7,East,21.5962,0.7456329867155903,,,
2003,Auburn,10,East,12.8881,-0.3223949062174328,,,
2003,Wake Forest,2,East,20.8361,0.6524085173803287,,,
2003,East Tennessee State,15,East,,,,,
2002,Duke,1,South,34.022,2.1708935037819246,,,
2002,Winthrop,16,South,-5.04399,-2.227156479928526,,,
2002,Notre Dame,8,South,17.7678,0.3409953226472241,,,
2002,Charlotte,9,South,16.9942,0.2539034182209338,,,
2002,Indiana,5,South,22.9213,0.9211764620744292,,,
2002,Utah,12,South,15.2805,0.06097503583296419,,,
2002,USC,4,South,21.8232,0.7975523407578455,,,
2002,UNC Wilmington,13,South,10.7173,-0.4527501170600645,,,
2002,California,6,South,16.8143,0.23365027240101446,,,
2002,Pennsylvania,11,South,,,,,
2002,Pittsburgh,3,South,19.2728,0.5104282546037475,,,
2002,Central Connecticut,14,South,0.972884,-1.5497766772488082,,,
2002,Oklahoma State,7,South,15.6932,0.10743681059605861,,,
2002,Kent State,10,South,,,,,
2002,Alabama,2,South,20.0181,0.5943341444291276,,,
2002,Florida Atlantic,15,South,-3.08732,-2.006874529781436,,,
2002,Cincinnati,1,West,30.8442,1.8131367123058846,,,
2002,Boston University,16,West,-2.19695,-1.9066366562757016,,,
2002,UCLA,8,West,15.3217,0.06561333270778728,,,
2002,Ole Miss,9,West,,,,,
2002,Miami,5,West,,,,,
2002,Missouri,12,West,15.1086,0.04162253018291333,,,
2002,Ohio State,4,West,20.8285,0.6855689936368129,,,
2002,Davidson,13,West,3.34606,-1.2826044727778083,,,
2002,Gonzaga,6,West,19.7952,0.5692400576961648,,,
2002,Wyoming,11,West,10.8511,-0.4376869102190127,,,
2002,Arizona,3,West,21.8199,0.7971808266877749,,,
2002,UC Santa Barbara,14,West,9.59321,-0.5793001931285088,,,
2002,Xavier,7,West,18.7095,0.4470119286428771,,,
2002,Hawaii,10,West,13.5696,-0.13163812249555157,,,
2002,Oklahoma,2,West,24.8637,1.1398518953185166,,,
2002,UIC,15,West,,,,,
2002,Maryland,1,East,26.8534,1.3638523635669517,,,
2002,Siena,16,East,-1.73585,-1.8547260084849024,,,
2002,Alcorn State,16,East,,,,,
2002,Wisconsin,8,East,13.2916,-0.162935368398484,,,
2002,St. John's,9,East,9.28117,-0.6144296629542321,,,
2002,Marquette,5,East,22.2615,0.8468961640645197,,,
2002,Tulsa,12,East,15.2246,0.05468181264600767,,,
2002,Kentucky,4,East,22.1792,0.8376308283169969,,,
2002,Valparaiso,13,East,14.1322,-0.06830060254954486,,,
2002,Texas Tech,6,East,17.3249,0.29113363124287556,,,
2002,Southern Illinois,11,East,12.7039,-0.22909864687745335,,,
2002,Georgia,3,East,18.8371,0.4613771393522808,,,
2002,Murray State,14,East,1.07887,-1.537844771118347,,,
2002,NC State,7,East,18.2573,0.3961032430410568,,,
2002,Michigan State,10,East,17.2017,0.2772637726268996,,,
2002,UConn,2,East,18.5499,0.4290441572539995,,,
2002,Hampton,15,East,3.92456,-1.217476930494188,,,
2002,Kansas,1,Midwest,27.7883,1.4691034254182167,,,
2002,Holy Cross,16,Midwest,-0.667653,-1.7344683675432662,,,
2002,Stanford,8,Midwest,21.0509,0.710606790359159,,,
2002,Western Kentucky,9,Midwest,15.3154,0.06490407857401584,,,
2002,Florida,5,Midwest,25.7176,1.2359839754498625,,,
2002,Creighton,12,Midwest,11.3452,-0.3820611217275056,,,
2002,Illinois,4,Midwest,21.9149,0.8078759287049639,,,
2002,San Diego State,13,Midwest,10.3606,-0.4929074106340791,,,
2002,Texas,6,Midwest,16.5086,0.1992345599099122,,,
2002,Boston College,11,Midwest,10.2439,-0.5060454991120368,,,
2002,Mississippi State,3,Midwest,18.9632,0.47557348002983413,,,
2002,McNeese,14,Midwest,5.73024,-1.0141934377531543,,,
2002,Wake Forest,7,Midwest,16.6817,0.21872216158544303,,,
2002,Pepperdine,10,Midwest,12.7171,-0.22761259059717026,,,
2002,Oregon,2,Midwest,24.1236,1.056531421603551,,,
2002,Montana,15,Midwest,-4.18602,-2.13056619911076,,,
