season,team,seed,kenpom_adj_oe,kenpom_adj_de,kenpom_adj_em
2001,Duke,1,124.098,86.5298,37.5678
2001,Illinois,1,115.464,88.0356,27.4282
2001,Michigan St.,1,120.101,89.173,30.9283
2001,Stanford,1,125.409,92.1783,33.231
2001,Arizona,2,116.469,86.5783,29.8902
2001,Iowa St.,2,114.3,94.0101,20.2903
2001,Kentucky,2,116.905,91.769,25.1357
2001,North Carolina,2,114.169,90.2976,23.871
2001,Boston College,3,117.542,94.1297,23.4121
2001,Florida,3,115.141,90.8637,24.2775
2001,Maryland,3,117.431,91.0978,26.3333
2001,Mississippi,3,107.852,88.9492,18.9024
2001,Indiana,4,106.223,85.1362,21.0867
2001,Kansas,4,114.403,91.8136,22.5899
2001,Oklahoma,4,112.972,93.8535,19.1183
2001,UCLA,4,113.27,94.7634,18.5071
2001,Cincinnati,5,113.23,96.0976,17.1324
2001,Ohio St.,5,110.968,93.4065,17.5611
2001,Syracuse,5,108.368,95.497,12.8705
2001,Virginia,5,117.511,94.7561,22.7553
2001,Notre Dame,6,110.982,96.296,14.6856
2001,Texas,6,106.571,88.6629,17.9078
2001,USC,6,111.746,93.7797,17.9665
2001,Wisconsin,6,107.565,89.3163,18.2483
2001,Arkansas,7,109.839,92.602,17.2374
2001,Iowa,7,112.761,96.5592,16.2015
2001,Penn St.,7,114.163,99.4609,14.7022
2001,Wake Forest,7,112.417,88.5362,23.8805
2001,California,8,112.692,94.8721,17.8195
2001,Georgia,8,110.996,96.4504,14.5452
2001,Georgia Tech,8,106.589,89.8913,16.6979
2001,Tennessee,8,113.387,95.3984,17.9883
2001,Charlotte,9,113.864,98.3191,15.5448
2001,Fresno St.,9,106.935,91.6262,15.3086
2001,Missouri,9,109.241,97.0248,12.2158
2001,Saint Joseph's,9,113.295,97.2211,16.0738
2001,Butler,10,111.709,94.0611,17.6478
2001,Creighton,10,108.619,91.7553,16.8632
2001,Georgetown,10,106.771,92.917,13.8542
2001,Providence,10,107.553,91.1996,16.3536
2001,Georgia St.,11,110.314,101.132,9.18199
2001,Oklahoma St.,11,104.36,90.8206,13.5392
2001,Temple,11,117.975,99.1888,18.7866
2001,Xavier,11,107.865,91.6881,16.1769
2001,BYU,12,109.436,93.9034,15.5326
2001,Gonzaga,12,117.007,102.832,14.1747
2001,Hawaii,12,106.449,99.4574,6.99157
2001,Utah St.,12,108.002,92.6518,15.3504
2001,Cal St. Northridge,13,110.923,101.986,8.93691
2001,Hofstra,13,101.433,90.7535,10.6791
2001,Indiana St.,13,110.164,100.412,9.75204
2001,Kent St.,13,108.776,96.1478,12.6284
2001,George Mason,14,104.101,96.0561,8.04444
2001,Iona,14,101.958,101.004,0.954416
2001,Southern Utah,14,106.458,99.5718,6.88624
2001,Western Kentucky,14,105.949,93.2032,12.7455
2001,Eastern Illinois,15,110.402,106.049,4.35337
2001,Hampton,15,106.158,106.114,0.0437103
2001,Holy Cross,15,100.116,97.8997,2.21637
2001,Princeton,15,101.763,102.177,-0.414098
2001,Alabama St.,16,94.6376,99.1054,-4.46782
2001,Monmouth,16,97.3611,98.5732,-1.21212
2001,Northwestern St.,16,94.6194,101.19,-6.57108
2001,UNC Greensboro,16,102.724,105.697,-2.97309
2001,Winthrop,16,97.8645,98.4853,-0.620731
2002,Cincinnati,1,117.448,86.6033,30.8442
2002,Duke,1,121.374,87.3522,34.022
2002,Kansas,1,118.1,90.3113,27.7883
2002,Maryland,1,118.151,91.2974,26.8534
2002,Alabama,2,114.177,94.1585,20.0181
2002,Connecticut,2,110.579,92.0294,18.5499
2002,Oklahoma,2,113.306,88.4422,24.8637
2002,Oregon,2,119.924,95.8006,24.1236
2002,Arizona,3,119.212,97.3917,21.8199
2002,Georgia,3,116.091,97.2536,18.8371
2002,Mississippi St.,3,111.797,92.8341,18.9632
2002,Pittsburgh,3,111.804,92.5312,19.2728
2002,Illinois,4,114.796,92.8809,21.9149
2002,Kentucky,4,112.536,90.3566,22.1792
2002,Ohio St.,4,116.892,96.0636,20.8285
2002,USC,4,112.82,90.9967,21.8232
2002,Florida,5,115.387,89.6694,25.7176
2002,Indiana,5,112.595,89.6736,22.9213
2002,Marquette,5,113.298,91.0361,22.2615
2002,Miami FL,5,110.135,93.973,16.1625
2002,California,6,109.706,92.8917,16.8143
2002,Gonzaga,6,116.295,96.4997,19.7952
2002,Texas,6,116.036,99.5269,16.5086
2002,Texas Tech,6,114.262,96.9368,17.3249
2002,NC State,7,112.169,93.9116,18.2573
2002,Oklahoma St.,7,107.591,91.8978,15.6932
2002,Wake Forest,7,117.448,100.767,16.6817
2002,Xavier,7,111.243,92.5336,18.7095
2002,Notre Dame,8,115.319,97.5508,17.7678
2002,Stanford,8,116.857,95.8058,21.0509
2002,UCLA,8,113.259,97.9373,15.3217
2002,Wisconsin,8,109.705,96.4136,13.2916
2002,Charlotte,9,114.501,97.5064,16.9942
2002,Mississippi,9,114.224,95.8383,18.3854
2002,St. John's,9,101.956,92.6749,9.28117
2002,Western Kentucky,9,110.535,95.2192,15.3154
2002,Hawaii,10,110.916,97.3463,13.5696
2002,Kent St.,10,115.899,96.5628,19.3362
2002,Michigan St.,10,113.29,96.0881,17.2017
2002,Pepperdine,10,110.976,98.2587,12.7171
2002,Boston College,11,109.516,99.2719,10.2439
2002,Penn,11,109.308,96.9278,12.3806
2002,Southern Illinois,11,108.06,95.3563,12.7039
2002,Wyoming,11,108.19,97.3391,10.8511
2002,Creighton,12,110.87,99.5253,11.3452
2002,Missouri,12,115.323,100.214,15.1086
2002,Tulsa,12,114.383,99.1584,15.2246
2002,Utah,12,111.442,96.1611,15.2805
2002,Davidson,13,100.838,97.4915,3.34606
2002,San Diego St.,13,106.815,96.454,10.3606
2002,UNC Wilmington,13,106.032,95.3145,10.7173
2002,Valparaiso,13,111.344,97.2123,14.1322
2002,Central Connecticut,14,100.112,99.1391,0.972884
2002,McNeese St.,14,103.553,97.8228,5.73024
2002,Murray St.,14,106.304,105.225,1.07887
2002,UC Santa Barbara,14,107.66,98.0668,9.59321
2002,Florida Atlantic,15,98.4514,101.539,-3.08732
2002,Hampton,15,109.772,105.848,3.92456
2002,Illinois Chicago,15,108.488,105.214,3.27351
2002,Montana,15,102.418,106.604,-4.18602
2002,Alcorn St.,16,99.7682,108.17,-8.40177
2002,Boston University,16,100.971,103.168,-2.19695
2002,Holy Cross,16,97.6868,98.3544,-0.667653
2002,Siena,16,100.099,101.835,-1.73585
2002,Winthrop,16,97.1532,102.197,-5.04399
2003,Arizona,1,115.311,88.8866,26.4243
2003,Kentucky,1,116.802,87.0347,29.7672
2003,Oklahoma,1,112.913,89.4266,23.4861
2003,Texas,1,118.524,95.1369,23.3866
2003,Florida,2,117.327,93.6932,23.6341
2003,Kansas,2,114.003,86.9009,27.1016
2003,Pittsburgh,2,113.295,86.1165,27.1788
2003,Wake Forest,2,115.774,94.9376,20.8361
2003,Duke,3,116.213,93.4116,22.8018
2003,Marquette,3,118.833,97.6141,21.2188
2003,Syracuse,3,113.951,93.9947,19.9564
2003,Xavier,3,114.503,93.665,20.8379
2003,Dayton,4,116.878,101.035,15.8425
2003,Illinois,4,114.14,89.1932,24.9472
2003,Louisville,4,116.078,92.4271,23.6507
2003,Stanford,4,109.838,94.9404,14.8974
2003,Connecticut,5,111.73,93.3341,18.3956
2003,Mississippi St.,5,108.501,86.098,22.4034
2003,Notre Dame,5,117.565,97.8837,19.6817
2003,Wisconsin,5,114.658,92.2715,22.3863
2003,Creighton,6,113.03,94.7202,18.3096
2003,Maryland,6,110.916,89.4227,21.493
2003,Missouri,6,111.397,93.7637,17.6329
2003,Oklahoma St.,6,106.039,88.7021,17.3367
2003,Indiana,7,113.046,98.4831,14.5633
2003,Memphis,7,111.304,93.4775,17.8261
2003,Michigan St.,7,108.72,90.9288,17.7907
2003,Saint Joseph's,7,109.41,87.8141,21.5962
2003,California,8,109.401,95.8149,13.5863
2003,Cincinnati,8,105.459,90.1252,15.3334
2003,LSU,8,111.998,91.9602,20.0374
2003,Oregon,8,112.498,98.1497,14.3485
2003,Gonzaga,9,112.337,97.3823,14.9545
2003,NC State,9,111.017,97.9831,13.034
2003,Purdue,9,106.758,90.7963,15.962
2003,Utah,9,107.925,93.0806,14.8447
2003,Alabama,10,110.57,95.1017,15.468
2003,Arizona St.,10,113.116,96.3758,16.7407
2003,Auburn,10,107.32,94.4324,12.8881
2003,Colorado,10,109.283,93.4129,15.8705
2003,Central Michigan,11,109.867,99.5025,10.3641
2003,Penn,11,110.324,96.0575,14.2661
2003,Southern Illinois,11,110.795,98.9527,11.8425
2003,UNC Wilmington,11,108.916,94.4886,14.4278
2003,BYU,12,110.537,92.3283,18.2088
2003,Butler,12,115.085,99.7088,15.3765
2003,Milwaukee,12,109.433,96.795,12.6377
2003,Weber St.,12,111.03,102.287,8.7425
2003,Austin Peay,13,101.166,98.0055,3.16008
2003,San Diego,13,104.732,96.3702,8.36166
2003,Tulsa,13,107.114,95.67,11.4437
2003,Western Kentucky,13,108.073,96.5019,11.5715
2003,Colorado St.,14,111.597,105.323,6.27421
2003,Holy Cross,14,105.034,94.8568,10.1775
2003,Manhattan,14,105.641,95.6169,10.0239
2003,Troy St.,14,107.4,101.103,6.29692
2003,East Tennessee St.,15,101.21,100.466,0.744035
2003,Sam Houston St.,15,102.171,100.238,1.93338
2003,Utah St.,15,106.86,100.121,6.73911
2003,Wagner,15,104.796,105.842,-1.04621
2003,IUPUI,16,103.059,102.298,0.761365
2003,South Carolina St.,16,96.5201,105.438,-8.91754
2003,Texas Southern,16,98.706,108.445,-9.73895
2003,UNC Asheville,16,100.943,114.311,-13.3682
2003,Vermont,16,101.723,99.8857,1.8376
2004,Duke,1,120.027,88.299,31.7279
2004,Kentucky,1,112.747,88.1148,24.6321
2004,Saint Joseph's,1,118.522,90.716,27.8057
2004,Stanford,1,112.228,89.1711,23.0568
2004,Connecticut,2,116.176,90.3272,25.8489
2004,Gonzaga,2,121.485,94.7555,26.7299
2004,Mississippi St.,2,114.667,91.9956,22.6715
2004,Oklahoma St.,2,117.359,92.5691,24.7896
2004,Georgia Tech,3,114.16,89.3063,24.8537
2004,NC State,3,118.121,93.7927,24.3286
2004,Pittsburgh,3,115.248,89.1178,26.1303
2004,Texas,3,113.481,93.1471,20.3341
2004,Cincinnati,4,115.74,91.8837,23.8562
2004,Kansas,4,110.65,92.4539,18.1966
2004,Maryland,4,110.26,90.0455,20.2142
2004,Wake Forest,4,120.827,98.4588,22.3686
2004,Florida,5,117.63,97.7056,19.9244
2004,Illinois,5,115.417,96.2329,19.1845
2004,Providence,5,112.317,93.6525,18.6645
2004,Syracuse,5,111.069,95.3779,15.6907
2004,Boston College,6,110.115,95.5084,14.6068
2004,North Carolina,6,116.966,93.943,23.0232
2004,Vanderbilt,6,112.729,93.7684,18.9602
2004,Wisconsin,6,114.662,90.0084,24.6539
2004,DePaul,7,113.921,102.109,11.8121
2004,Memphis,7,111.955,95.9555,15.9997
2004,Michigan St.,7,116.84,101.904,14.9366
2004,Xavier,7,110.761,92.9239,17.837
2004,Alabama,8,113.39,96.9288,16.4613
2004,Seton Hall,8,111.199,93.5699,17.629
2004,Texas Tech,8,110.153,94.0599,16.0926
2004,Washington,8,111.976,100.871,11.1048
2004,Arizona,9,117.959,101.339,16.6199
2004,Charlotte,9,112.766,98.11,14.6558
2004,Southern Illinois,9,108.685,94.3307,14.3539
2004,UAB,9,106.371,91.9116,14.4594
2004,Dayton,10,108.6,98.8232,9.7763
2004,Louisville,10,106.419,84.7716,21.6473
2004,Nevada,10,111.833,93.0023,18.8308
2004,South Carolina,10,110.845,94.2486,16.596
2004,Air Force,11,111.859,95.7219,16.1376
2004,Richmond,11,104.896,89.8371,15.0585
2004,Utah,11,110.026,95.1873,14.839
2004,Western Michigan,11,114.773,97.3126,17.4602
2004,BYU,12,111.734,95.3868,16.3472
2004,Manhattan,12,107.701,96.0844,11.6168
2004,Murray St.,12,110.548,98.9077,11.6398
2004,Pacific,12,108.144,99.4025,8.74172
2004,East Tennessee St.,13,103.458,95.3316,8.12644
2004,Illinois Chicago,13,107.751,96.8741,10.8768
2004,UTEP,13,111.176,96.667,14.5091
2004,VCU,13,104.824,96.0897,8.73412
2004,Louisiana Lafayette,14,109.42,98.9893,10.4304
2004,Northern Iowa,14,106.972,98.5408,8.4316
2004,Princeton,14,106.042,100.548,5.49455
2004,UCF,14,103.633,97.8035,5.82918
2004,Eastern Washington,15,105.382,101.954,3.42788
2004,Monmouth,15,98.0355,101.598,-3.56253
2004,Valparaiso,15,100.308,99.4266,0.881225
2004,Vermont,15,100.742,102.041,-1.29931
2004,Alabama St.,16,93.281,103.971,-10.6902
2004,Florida A&M,16,97.7465,108.479,-10.7325
2004,Lehigh,16,98.2109,103.992,-5.7816
2004,Liberty,16,97.9283,100.635,-2.70715
2004,UTSA,16,98.0201,105.56,-7.53956
2005,Duke,1,117.435,88.7397,28.6957
2005,Illinois,1,122.18,88.8696,33.3107
2005,North Carolina,1,121.055,89.0521,32.0028
2005,Washington,1,119.924,97.2424,22.6814
2005,Connecticut,2,112.503,89.7487,22.7543
2005,Kentucky,2,112.199,88.253,23.9456
2005,Oklahoma St.,2,120.257,94.5142,25.7432
2005,Wake Forest,2,125.004,99.1181,25.8856
2005,Arizona,3,115.596,94.9498,20.6464
2005,Gonzaga,3,120.006,101.569,18.4368
2005,Kansas,3,116.112,92.1767,23.935
2005,Oklahoma,3,115.786,92.1522,23.6343
2005,Boston College,4,113.859,95.8068,18.0519
2005,Florida,4,117.796,92.9202,24.8756
2005,Louisville,4,116.489,91.7883,24.7011
2005,Syracuse,4,116.816,95.4331,21.3833
2005,Alabama,5,118.554,97.0791,21.4752
2005,Georgia Tech,5,109.089,88.7409,20.3479
2005,Michigan St.,5,119.608,93.9891,25.6192
2005,Villanova,5,115.814,92.0012,23.8126
2005,LSU,6,114.892,100.313,14.5794
2005,Texas Tech,6,110.917,95.271,15.6457
2005,Utah,6,113.641,93.4851,20.1555
2005,Wisconsin,6,111.095,90.7501,20.345
2005,Charlotte,7,112.371,100.097,12.2743
2005,Cincinnati,7,112.199,92.0126,20.1864
2005,Southern Illinois,7,108.872,92.3233,16.5489
2005,West Virginia,7,112.738,98.8811,13.8568
2005,Minnesota,8,104.448,89.3931,15.0549
2005,Pacific,8,113.489,99.2906,14.1981
2005,Stanford,8,106.525,94.6177,11.907
2005,Texas,8,114.706,96.8337,17.8724
2005,Iowa St.,9,103.174,90.1667,13.0077
2005,Mississippi St.,9,108.143,93.6936,14.4497
2005,Nevada,9,104.061,92.4275,11.6337
2005,Pittsburgh,9,114.695,95.8229,18.8718
2005,Creighton,10,114.766,100.33,14.4361
2005,Iowa,10,112.204,94.3365,17.8671
2005,NC State,10,116.383,97.3737,19.009
2005,Saint Mary's,10,107.381,97.5636,9.81777
2005,Northern Iowa,11,112.535,99.1544,13.3809
2005,UAB,11,110.113,97.7445,12.3689
2005,UCLA,11,108.287,96.8191,11.4675
2005,UTEP,11,113.304,101.548,11.7556
2005,George Washington,12,110.008,95.3032,14.7044
2005,Milwaukee,12,108.035,95.0665,12.9683
2005,New Mexico,12,114.069,98.4124,15.6566
2005,Old Dominion,12,104.244,94.2423,10.002
2005,Louisiana Lafayette,13,107.206,97.5553,9.65038
2005,Ohio,13,109.952,101.921,8.03021
2005,Penn,13,102.365,92.16,10.2052
2005,Vermont,13,112.615,98.97,13.6451
2005,Bucknell,14,101.077,95.2281,5.8484
2005,Niagara,14,115.968,110.486,5.48207
2005,Utah St.,14,116.735,96.4473,20.2874
2005,Winthrop,14,101.652,96.6464,5.00565
2005,Chattanooga,15,99.1811,99.6517,-0.470586
2005,Eastern Kentucky,15,102.465,101.106,1.35916
2005,Southeastern Louisiana,15,97.2565,94.1034,3.15302
2005,UCF,15,104.404,107.744,-3.33956
2005,Alabama A&M,16,90.3956,102.684,-12.2885
2005,Delaware St.,16,102.377,107.716,-5.33826
2005,Fairleigh Dickinson,16,102.717,105.796,-3.07905
2005,Montana,16,99.6469,102.655,-3.00797
2005,Oakland,16,107.721,108.701,-0.980674
2006,Connecticut,1,116.671,90.7579,25.9129
2006,Duke,1,121.189,92.6239,28.5656
2006,Memphis,1,112.334,90.0369,22.2972
2006,Villanova,1,117.412,91.5788,25.8328
2006,Ohio St.,2,114.312,91.568,22.7439
2006,Tennessee,2,116.081,96.9371,19.1437
2006,Texas,2,118.329,91.9877,26.3414
2006,UCLA,2,113.948,91.7094,22.2382
2006,Florida,3,116.023,92.1054,23.9172
2006,Gonzaga,3,117.976,103.276,14.6999
2006,Iowa,3,104.054,84.7443,19.3097
2006,North Carolina,3,116.376,93.1032,23.2731
2006,Boston College,4,118.48,100.286,18.1943
2006,Illinois,4,114.309,90.5453,23.7637
2006,Kansas,4,110.301,86.1782,24.1225
2006,LSU,4,111.476,91.2092,20.2666
2006,Nevada,5,109.514,93.2299,16.2837
2006,Pittsburgh,5,111.569,90.0027,21.5662
2006,Syracuse,5,109.973,96.6599,13.3126
2006,Washington,5,114.83,96.082,18.7484
2006,Indiana,6,109.123,92.5182,16.6049
2006,Michigan St.,6,116.81,99.7762,17.0338
2006,Oklahoma,6,113.21,98.3959,14.8143
2006,West Virginia,6,115.841,97.8497,17.9911
2006,California,7,110.331,96.9581,13.3727
2006,Georgetown,7,116.423,96.6387,19.7838
2006,Marquette,7,111.896,96.3234,15.573
2006,Wichita St.,7,111.041,95.5888,15.4525
2006,Arizona,8,109.387,93.6111,15.7758
2006,Arkansas,8,111.988,93.8808,18.107
2006,George Washington,8,109.578,94.6878,14.89
2006,Kentucky,8,113.522,97.5788,15.943
2006,Bucknell,9,105.571,92.9644,12.6066
2006,UAB,9,108.932,96.3991,12.5331
2006,UNC Wilmington,9,105.965,91.2105,14.7547
2006,Wisconsin,9,111.45,94.9667,16.4836
2006,Alabama,10,110.562,99.5129,11.0491
2006,NC State,10,113.287,96.6036,16.6834
2006,Northern Iowa,10,109.202,92.8333,16.3692
2006,Seton Hall,10,106.434,96.6752,9.75889
2006,George Mason,11,108.235,91.7303,16.5044
2006,Milwaukee,11,107.832,95.6839,12.1486
2006,San Diego St.,11,111.97,98.9596,13.0107
2006,Southern Illinois,11,103.568,88.8149,14.7533
2006,Kent St.,12,107.72,96.7855,10.9348
2006,Montana,12,111.157,102.341,8.81599
2006,Texas A&M,12,106.596,90.7951,15.8005
2006,Utah St.,12,113.98,102.232,11.7478
2006,Air Force,13,112.446,97.1596,15.2867
2006,Bradley,13,106.52,90.1637,16.3566
2006,Iona,13,109.77,98.2748,11.4947
2006,Pacific,13,109.809,98.4624,11.3464
2006,Murray St.,14,104.196,95.9061,8.28998
2006,Northwestern St.,14,106.895,99.6838,7.21097
2006,South Alabama,14,109.629,99.6493,9.98002
2006,Xavier,14,110.467,97.4771,12.9902
2006,Belmont,15,107.963,107.635,0.328042
2006,Davidson,15,110.122,105.288,4.83337
2006,Penn,15,101.536,94.3154,7.22088
2006,Winthrop,15,104.292,94.6273,9.66427
2006,Albany,16,105.901,103.517,2.38435
2006,Hampton,16,92.2737,102.047,-9.77332
2006,Monmouth,16,95.639,97.5258,-1.88684
2006,Oral Roberts,16,106.189,100.139,6.0496
2006,Southern,16,96.2068,99.848,-3.64127
2007,Florida,1,120.927,92.0656,28.8619
2007,Kansas,1,115.098,86.837,28.2605
2007,North Carolina,1,120.45,88.7132,31.7371
2007,Ohio St.,1,119.341,90.4737,28.8677
2007,Georgetown,2,121.238,93.1473,28.0911
2007,Memphis,2,115.184,90.3103,24.8739
2007,UCLA,2,116.164,90.9188,25.2454
2007,Wisconsin,2,115.733,89.6933,26.0394
2007,Oregon,3,117.207,97.4793,19.7274
2007,Pittsburgh,3,118.425,95.5748,22.8504
2007,Texas A&M,3,119.182,91.8518,27.3305
2007,Washington St.,3,111.012,93.1182,17.8933
2007,Maryland,4,112.483,90.1675,22.3158
2007,Southern Illinois,4,109.583,89.2996,20.283
2007,Texas,4,120.376,99.8398,20.5363
2007,Virginia,4,112.895,98.6492,14.2454
2007,Butler,5,118.052,97.0797,20.9727
2007,Tennessee,5,113.576,97.1313,16.4443
2007,USC,5,109.896,95.4932,14.4031
2007,Virginia Tech,5,113.073,95.159,17.9139
2007,Duke,6,112.973,89.3301,23.6432
2007,Louisville,6,112.8,93.3409,19.4594
2007,Notre Dame,6,119.18,98.4445,20.7354
2007,Vanderbilt,6,114.982,101.303,13.6783
2007,Boston College,7,117.0,101.094,15.9057
2007,Indiana,7,116.372,95.3063,21.0657
2007,Nevada,7,117.804,101.581,16.2229
2007,UNLV,7,111.624,95.9746,15.6493
2007,Arizona,8,119.512,100.303,19.2093
2007,BYU,8,116.124,100.375,15.7494
2007,Kentucky,8,115.724,94.7893,20.9347
2007,Marquette,8,112.208,94.3579,17.8501
2007,Michigan St.,9,112.195,91.4261,20.769
2007,Purdue,9,110.368,92.7698,17.5977
2007,Villanova,9,113.578,92.8864,20.6914
2007,Xavier,9,117.35,99.0491,18.3007
2007,Creighton,10,114.267,95.1571,19.1102
2007,Georgia Tech,10,116.887,97.1408,19.7464
2007,Gonzaga,10,116.012,100.227,15.7845
2007,Texas Tech,10,111.978,100.346,11.6325
2007,George Washington,11,106.11,97.4405,8.66941
2007,Stanford,11,109.515,97.1603,12.3543
2007,VCU,11,116.022,101.653,14.3693
2007,Winthrop,11,113.314,98.6066,14.7077
2007,Arkansas,12,110.253,93.3649,16.8885
2007,Illinois,12,107.542,89.9416,17.6003
2007,Long Beach St.,12,111.687,105.309,6.37727
2007,Old Dominion,12,109.203,95.9276,13.2754
2007,Albany,13,107.402,103.976,3.42522
2007,Davidson,13,112.107,98.4988,13.6084
2007,Holy Cross,13,103.31,95.6542,7.65535
2007,New Mexico St.,13,108.471,100.934,7.5367
2007,Miami OH,14,105.408,97.2962,8.11199
2007,Oral Roberts,14,107.181,98.146,9.03458
2007,Penn,14,110.281,102.103,8.17781
2007,Wright St.,14,104.652,97.6213,7.03058
2007,Belmont,15,106.429,101.758,4.67153
2007,North Texas,15,102.971,104.218,-1.24693
2007,Texas A&M Corpus Chris,15,114.201,106.477,7.72391
2007,Weber St.,15,102.37,104.672,-2.30205
2007,Central Connecticut,16,104.052,106.074,-2.02233
2007,Eastern Kentucky,16,102.437,105.239,-2.80238
2007,Florida A&M,16,100.826,110.11,-9.28363
2007,Jackson St.,16,100.077,109.396,-9.31953
2007,Niagara,16,107.414,110.105,-2.69168
2008,Kansas,1,121.433,87.4681,33.9647
2008,Memphis,1,114.695,85.3169,29.3779
2008,North Carolina,1,120.686,92.5415,28.1446
2008,UCLA,1,118.735,88.16,30.5753
2008,Duke,2,117.443,89.8149,27.6285
2008,Georgetown,2,114.989,90.0051,24.9836
2008,Tennessee,2,117.787,95.4494,22.3372
2008,Texas,2,119.757,94.9061,24.8513
2008,Louisville,3,111.828,88.6299,23.198
2008,Stanford,3,113.328,89.3924,23.9361
2008,Wisconsin,3,113.619,86.2081,27.4107
2008,Xavier,3,116.413,94.068,22.3453
2008,Connecticut,4,115.173,96.0511,19.1215
2008,Pittsburgh,4,116.407,96.8952,19.5116
2008,Vanderbilt,4,112.598,99.0821,13.5159
2008,Washington St.,4,116.272,92.3676,23.9044
2008,Clemson,5,114.102,91.7372,22.3653
2008,Drake,5,119.786,97.4463,22.3393
2008,Michigan St.,5,115.444,94.5625,20.8814
2008,Notre Dame,5,116.335,97.1396,19.1955
2008,Marquette,6,113.463,91.6188,21.8442
2008,Oklahoma,6,109.474,94.3986,15.0751
2008,Purdue,6,109.692,91.6027,18.089
2008,USC,6,110.663,90.6973,19.9654
2008,Butler,7,116.138,96.8401,19.2975
2008,Gonzaga,7,114.221,94.8911,19.3301
2008,Miami FL,7,112.167,97.7713,14.3957
2008,West Virginia,7,113.57,93.4302,20.14
2008,BYU,8,106.852,90.7846,16.0675
2008,Indiana,8,114.362,94.8557,19.5064
2008,Mississippi St.,8,107.347,91.5296,15.8174
2008,UNLV,8,110.183,96.5636,13.6193
2008,Arkansas,9,109.701,94.8336,14.8678
2008,Kent St.,9,108.462,94.6345,13.8274
2008,Oregon,9,119.29,102.634,16.6554
2008,Texas A&M,9,112.029,92.4268,19.6026
2008,Arizona,10,116.577,96.3494,20.2271
2008,Davidson,10,114.056,93.5027,20.5532
2008,Saint Mary's,10,110.005,94.2943,15.7105
2008,South Alabama,10,112.779,100.155,12.6239
2008,Baylor,11,115.389,100.017,15.3717
2008,Kansas St.,11,113.383,94.4917,18.8909
2008,Kentucky,11,106.849,97.1469,9.70175
2008,Saint Joseph's,11,114.718,100.152,14.5658
2008,George Mason,12,111.486,101.207,10.2781
2008,Temple,12,112.696,100.26,12.4365
2008,Villanova,12,108.903,95.9216,12.9811
2008,Western Kentucky,12,111.076,97.011,14.0646
2008,Oral Roberts,13,104.822,93.6893,11.1323
2008,San Diego,13,101.501,96.9684,4.53284
2008,Siena,13,108.144,101.391,6.75339
2008,Winthrop,13,99.6932,92.3864,7.30673
2008,Boise St.,14,108.605,104.484,4.12039
2008,Cal St. Fullerton,14,112.978,104.103,8.87459
2008,Cornell,14,110.651,105.607,5.04434
2008,Georgia,14,104.018,96.1227,7.89531
2008,American,15,108.308,106.622,1.686
2008,Austin Peay,15,104.504,104.677,-0.173098
2008,Belmont,15,109.436,106.857,2.57916
2008,UMBC,15,113.762,109.662,4.10027
2008,Coppin St.,16,92.4179,106.658,-14.2405
2008,Mississippi Valley St.,16,92.1127,107.08,-14.9674
2008,Mount St. Mary's,16,99.0167,100.058,-1.04085
2008,Portland St.,16,108.411,102.574,5.83665
2008,UT Arlington,16,101.14,103.138,-1.99751
2009,Connecticut,1,114.597,86.5571,28.0401
2009,Louisville,1,109.217,83.849,25.3676
2009,North Carolina,1,122.645,94.0872,28.5574
2009,Pittsburgh,1,121.48,92.002,29.4777
2009,Duke,2,117.869,92.541,25.3284
2009,Memphis,2,110.759,81.3187,29.4398
2009,Michigan St.,2,112.732,89.9494,22.7829
2009,Oklahoma,2,117.928,94.6403,23.2882
2009,Kansas,3,114.807,91.6765,23.1309
2009,Missouri,3,114.53,91.046,23.484
2009,Syracuse,3,116.963,95.2698,21.693
2009,Villanova,3,113.638,91.9303,21.7081
2009,Gonzaga,4,116.862,90.9086,25.9534
2009,Wake Forest,4,111.358,91.0587,20.299
2009,Washington,4,112.741,90.8054,21.9358
2009,Xavier,4,111.158,92.0625,19.0951
2009,Florida St.,5,105.685,89.7283,15.9569
2009,Illinois,5,106.425,87.3285,19.0963
2009,Purdue,5,110.175,88.2115,21.9637
2009,Utah,5,110.948,91.91,19.0381
2009,Arizona St.,6,117.682,94.244,23.4381
2009,Marquette,6,117.058,96.076,20.9824
2009,UCLA,6,119.973,94.8599,25.1136
2009,West Virginia,6,114.693,89.6619,25.031
2009,Boston College,7,113.378,101.263,12.1159
2009,California,7,116.839,98.6172,18.2213
2009,Clemson,7,116.758,96.4646,20.2938
2009,Texas,7,110.7,92.1925,18.5075
2009,BYU,8,114.296,92.6399,21.6562
2009,LSU,8,110.576,95.8662,14.7097
2009,Ohio St.,8,113.731,97.2667,16.4647
2009,Oklahoma St.,8,115.065,97.2997,17.7655
2009,Butler,9,109.777,93.6264,16.1506
2009,Siena,9,110.158,98.4844,11.6737
2009,Tennessee,9,114.801,98.2193,16.5817
2009,Texas A&M,9,112.024,97.6525,14.3716
2009,Maryland,10,108.705,95.4167,13.2883
2009,Michigan,10,112.016,97.5173,14.4984
2009,Minnesota,10,107.586,91.8263,15.7592
2009,USC,10,109.428,91.7696,17.6587
2009,Dayton,11,103.115,93.6967,9.41849
2009,Temple,11,109.311,94.9885,14.3226
2009,Utah St.,11,117.04,101.747,15.293
2009,VCU,11,109.286,96.5255,12.7601
2009,Arizona,12,117.23,101.217,16.0133
2009,Northern Iowa,12,110.659,100.806,9.85203
2009,Western Kentucky,12,109.869,102.838,7.03093
2009,Wisconsin,12,113.854,95.8886,17.9651
2009,Akron,13,102.057,95.0743,6.9826
2009,Cleveland St.,13,104.438,92.7341,11.7042
2009,Mississippi St.,13,107.733,95.9223,11.8111
2009,Portland St.,13,108.934,104.084,4.85027
2009,American,14,104.705,100.204,4.50143
2009,Cornell,14,108.108,102.611,5.49712
2009,North Dakota St.,14,113.637,101.211,12.4256
2009,Stephen F. Austin,14,97.6543,90.9171,6.73718
2009,Binghamton,15,101.747,102.618,-0.871417
2009,Cal St. Northridge,15,101.374,96.2591,5.11477
2009,Morgan St.,15,99.986,98.5712,1.41474
2009,Robert Morris,15,101.428,99.9183,1.5095
2009,Alabama St.,16,101.941,103.957,-2.01623
2009,Chattanooga,16,104.271,108.116,-3.84568
2009,East Tennessee St.,16,106.255,101.161,5.09407
2009,Morehead St.,16,102.308,102.325,-0.017075
2009,Radford,16,101.326,101.791,-0.465293
2010,Duke,1,119.296,87.7467,31.5489
2010,Kansas,1,119.854,87.3419,32.5121
2010,Kentucky,1,114.384,89.4743,24.9097
2010,Syracuse,1,118.167,90.5783,27.5886
2010,Kansas St.,2,115.425,90.4885,24.9367
2010,Ohio St.,2,117.429,91.9581,25.4713
2010,Villanova,2,118.572,95.5965,22.9755
2010,West Virginia,2,117.329,91.5966,25.7322
2010,Baylor,3,118.384,94.9837,23.4007
2010,Georgetown,3,116.551,92.2687,24.2828
2010,New Mexico,3,114.142,96.7568,17.3849
2010,Pittsburgh,3,111.307,92.5315,18.7753
2010,Maryland,4,117.599,94.8962,22.7026
2010,Purdue,4,110.762,88.1665,22.5959
2010,Vanderbilt,4,113.609,96.0838,17.5253
2010,Wisconsin,4,115.399,89.8348,25.564
2010,Butler,5,110.745,90.7154,20.0295
2010,Michigan St.,5,112.268,91.9702,20.2975
2010,Temple,5,107.306,86.2797,21.0266
2010,Texas A&M,5,112.093,91.9447,20.1487
2010,Marquette,6,114.599,94.1043,20.4947
2010,Notre Dame,6,119.809,101.439,18.3693
2010,Tennessee,6,106.604,89.2115,17.3928
2010,Xavier,6,114.769,94.9437,19.8256
2010,BYU,7,117.315,92.8309,24.4842
2010,Clemson,7,109.94,90.3071,19.633
2010,Oklahoma St.,7,111.497,94.9637,16.5333
2010,Richmond,7,108.108,92.8809,15.2274
2010,California,8,119.968,97.7354,22.2322
2010,Gonzaga,8,112.378,95.585,16.7934
2010,Texas,8,113.444,92.8117,20.6323
2010,UNLV,8,109.859,92.6156,17.2431
2010,Florida St.,9,104.941,86.3361,18.605
2010,Louisville,9,115.013,97.1787,17.834
2010,Northern Iowa,9,108.029,89.7638,18.2648
2010,Wake Forest,9,106.69,91.7943,14.8954
2010,Florida,10,112.433,97.4388,14.9939
2010,Georgia Tech,10,108.997,90.9613,18.0357
2010,Missouri,10,110.105,90.4261,19.6787
2010,Saint Mary's,10,116.442,97.0364,19.4058
2010,Minnesota,11,112.547,93.7989,18.7481
2010,Old Dominion,11,107.842,90.1999,17.6423
2010,San Diego St.,11,111.49,94.1721,17.3175
2010,Washington,11,111.513,93.6021,17.9107
2010,Cornell,12,115.443,101.891,13.552
2010,New Mexico St.,12,111.342,105.22,6.12172
2010,UTEP,12,107.504,89.9248,17.5793
2010,Utah St.,12,116.361,95.0722,21.2893
2010,Houston,13,111.84,102.537,9.30246
2010,Murray St.,13,108.952,94.3666,14.5856
2010,Siena,13,109.569,95.6534,13.9156
2010,Wofford,13,104.267,94.8414,9.42513
2010,Montana,14,106.707,98.1992,8.50753
2010,Oakland,14,107.635,103.917,3.71824
2010,Ohio,14,105.808,98.4546,7.35379
2010,Sam Houston St.,14,110.763,103.694,7.06873
2010,Morgan St.,15,105.657,103.75,1.90682
2010,North Texas,15,102.939,103.298,-0.358811
2010,Robert Morris,15,99.6218,101.452,-1.83054
2010,UC Santa Barbara,15,100.038,97.6604,2.37748
2010,Arkansas Pine Bluff,16,91.8221,99.7369,-7.91476
2010,East Tennessee St.,16,100.3,97.8928,2.40771
2010,Lehigh,16,104.907,106.362,-1.45422
2010,Vermont,16,103.697,100.573,3.12414
2010,Winthrop,16,90.8904,95.0021,-4.11173
2011,Duke,1,118.637,89.0891,29.5475
2011,Kansas,1,119.505,90.8029,28.7018
2011,Ohio St.,1,123.643,91.4115,32.232
2011,Pittsburgh,1,119.627,92.2012,27.4261
2011,Florida,2,114.555,95.0304,19.5245
2011,North Carolina,2,110.652,89.1087,21.5431
2011,Notre Dame,2,121.279,96.6246,24.6542
2011,San Diego St.,2,113.834,88.2242,25.6096
2011,BYU,3,117.73,94.2638,23.4657
2011,Connecticut,3,114.804,93.1006,21.703
2011,Purdue,3,115.013,89.4016,25.6115
2011,Syracuse,3,114.248,91.6187,22.6298
2011,Kentucky,4,117.76,92.4889,25.2715
2011,Louisville,4,111.247,88.3769,22.87
2011,Texas,4,114.882,88.1564,26.7252
2011,Wisconsin,4,121.946,96.348,25.5977
2011,Arizona,5,115.936,97.0522,18.8834
2011,Kansas St.,5,109.524,92.0845,17.4393
2011,Vanderbilt,5,115.206,97.7687,17.437
2011,West Virginia,5,113.313,93.145,20.1684
2011,Cincinnati,6,109.822,90.218,19.6039
2011,Georgetown,6,114.287,95.2916,18.9952
2011,St. John's,6,110.496,93.6698,16.8263
2011,Xavier,6,112.808,96.2683,16.5395
2011,Temple,7,109.724,92.7362,16.988
2011,Texas A&M,7,109.943,94.5593,15.3838
2011,UCLA,7,107.561,93.8189,13.7419
2011,Washington,7,116.488,94.2736,22.2141
2011,Butler,8,112.272,97.278,14.9935
2011,George Mason,8,113.269,94.9599,18.3096
2011,Michigan,8,110.77,95.3533,15.4164
2011,UNLV,8,110.321,91.5518,18.7696
2011,Illinois,9,112.305,92.727,19.5782
2011,Old Dominion,9,109.126,94.8747,14.251
2011,Tennessee,9,107.96,94.5968,13.3636
2011,Villanova,9,114.746,96.4465,18.299
2011,Florida St.,10,103.157,88.1874,14.9701
2011,Georgia,10,107.153,95.1889,11.9637
2011,Michigan St.,10,108.503,93.7079,14.7956
2011,Penn St.,10,111.847,97.4264,14.4209
2011,Gonzaga,11,110.61,94.1013,16.5087
2011,Marquette,11,115.623,97.4927,18.1301
2011,Missouri,11,112.932,96.3729,16.559
2011,USC,11,108.303,93.9363,14.3669
2011,VCU,11,109.563,100.813,8.74997
2011,Clemson,12,107.856,90.4152,17.4409
2011,Memphis,12,103.673,96.7112,6.96184
2011,Richmond,12,111.003,95.4298,15.5729
2011,UAB,12,108.63,96.1119,12.5184
2011,Utah St.,12,110.413,90.2135,20.1997
2011,Belmont,13,112.236,93.268,18.9677
2011,Morehead St.,13,105.208,98.4152,6.79253
2011,Oakland,13,117.282,104.345,12.9371
2011,Princeton,13,106.219,97.4016,8.81724
2011,Bucknell,14,105.356,97.7759,7.57974
2011,Indiana St.,14,101.49,96.8677,4.62225
2011,Saint Peter's,14,95.0018,91.7599,3.24183
2011,Wofford,14,111.911,104.341,7.57016
2011,Akron,15,103.29,99.533,3.75741
2011,LIU Brooklyn,15,108.912,103.533,5.37973
2011,Northern Colorado,15,106.011,101.426,4.58447
2011,UC Santa Barbara,15,103.503,99.4018,4.10161
2011,Alabama St.,16,92.3675,105.437,-13.0699
2011,Arkansas Little Rock,16,100.167,104.657,-4.48952
2011,Boston University,16,102.907,103.292,-0.385171
2011,Hampton,16,93.9345,97.7279,-3.79341
2011,UNC Asheville,16,101.432,99.0391,2.393
2011,UTSA,16,101.474,106.668,-5.19344
2012,Kentucky,1,120.566,88.8382,31.7277
2012,Michigan St.,1,115.088,86.2697,28.8179
2012,North Carolina,1,117.11,90.8369,26.2727
2012,Syracuse,1,116.026,90.5173,25.5085
2012,Duke,2,117.909,97.043,20.8659
2012,Kansas,2,116.066,89.1479,26.918
2012,Missouri,2,124.486,97.8055,26.6802
2012,Ohio St.,2,117.705,87.8032,29.9016
2012,Baylor,3,115.656,94.2364,21.4193
2012,Florida St.,3,107.767,89.7815,17.9858
2012,Georgetown,3,109.993,89.6577,20.3352
2012,Marquette,3,112.422,93.0852,19.3365
2012,Indiana,4,119.547,97.0081,22.5388
2012,Louisville,4,105.207,86.3916,18.8157
2012,Michigan,4,113.975,95.8679,18.1066
2012,Wisconsin,4,111.961,88.662,23.2991
2012,New Mexico,5,110.405,90.4523,19.9522
2012,Temple,5,114.086,98.5508,15.5352
2012,Vanderbilt,5,114.775,94.4476,20.3275
2012,Wichita St.,5,116.963,93.7271,23.2362
2012,Cincinnati,6,109.258,94.1152,15.1423
2012,Murray St.,6,110.21,95.1414,15.069
2012,San Diego St.,6,107.254,94.7608,12.4935
2012,UNLV,6,109.975,93.9097,16.0655
2012,Florida,7,120.271,99.98,20.2909
2012,Gonzaga,7,111.604,94.5893,17.0149
2012,Notre Dame,7,110.251,96.0393,14.2112
2012,Saint Mary's,7,114.424,98.8981,15.5262
2012,Creighton,8,119.641,102.559,17.0818
2012,Iowa St.,8,112.844,96.3879,16.4561
2012,Kansas St.,8,109.953,91.6575,18.2953
2012,Memphis,8,114.7,92.1444,22.5554
2012,Alabama,9,106.031,89.3714,16.6596
2012,Connecticut,9,111.126,96.1075,15.0185
2012,Saint Louis,9,111.629,91.0501,20.5785
2012,Southern Miss,9,111.225,99.9599,11.2651
2012,Purdue,10,116.142,100.148,15.9933
2012,Virginia,10,106.186,88.8224,17.3633
2012,West Virginia,10,111.599,97.0738,14.5249
2012,Xavier,10,107.588,95.9824,11.6059
2012,Colorado,11,104.614,96.2689,8.34556
2012,Colorado St.,11,113.273,103.767,9.50647
2012,NC State,11,111.847,98.7065,13.1406
2012,Texas,11,113.26,96.748,16.5122
2012,California,12,111.11,94.5611,16.549
2012,Harvard,12,108.398,93.6424,14.756
2012,Long Beach St.,12,111.581,95.9447,15.6363
2012,South Florida,12,102.792,91.3144,11.4773
2012,VCU,12,107.166,94.5327,12.6331
2012,Davidson,13,111.768,101.075,10.6934
2012,Montana,13,103.543,95.6693,7.87347
2012,New Mexico St.,13,109.141,97.4887,11.6518
2012,Ohio,13,105.736,94.9527,10.7829
2012,BYU,14,106.894,93.9601,12.9336
2012,Belmont,14,117.088,99.4192,17.6692
2012,Iona,14,115.979,103.63,12.3492
2012,South Dakota St.,14,113.756,102.043,11.7129
2012,St. Bonaventure,14,110.138,98.5497,11.5887
2012,Detroit,15,108.41,102.907,5.50243
2012,Lehigh,15,108.606,99.6982,8.90823
2012,Loyola MD,15,103.745,100.068,3.6774
2012,Norfolk St.,15,99.5279,101.974,-2.44646
2012,LIU Brooklyn,16,108.1,107.557,0.542871
2012,Lamar,16,107.54,100.064,7.476
2012,Mississippi Valley St.,16,98.6794,105.054,-6.3745
2012,UNC Asheville,16,109.605,104.64,4.96548
2012,Vermont,16,104.447,100.224,4.2234
2012,Western Kentucky,16,98.1875,101.022,-2.83435
2013,Gonzaga,1,120.831,91.8845,28.9467
2013,Indiana,1,122.482,92.5582,29.9242
2013,Kansas,1,113.253,87.8314,25.4211
2013,Louisville,1,114.313,83.1717,31.1411
2013,Duke,2,119.646,92.9223,26.724
2013,Georgetown,2,107.747,85.5846,22.1624
2013,Miami FL,2,113.044,90.7587,22.2852
2013,Ohio St.,2,114.487,89.3191,25.1682
2013,Florida,3,118.162,86.1792,31.9831
2013,Marquette,3,113.994,95.3386,18.6549
2013,Michigan St.,3,112.662,89.423,23.2393
2013,New Mexico,3,110.537,89.8302,20.7068
2013,Kansas St.,4,113.291,95.0325,18.2582
2013,Michigan,4,120.868,95.8775,24.9907
2013,Saint Louis,4,108.951,88.6822,20.269
2013,Syracuse,4,114.546,91.9806,22.5652
2013,Oklahoma St.,5,109.664,90.2456,19.4182
2013,UNLV,5,106.858,89.633,17.2254
2013,VCU,5,113.747,94.4178,19.3295
2013,Wisconsin,5,108.829,85.8206,23.008
2013,Arizona,6,114.263,93.7326,20.5305
2013,Butler,6,110.071,95.2626,14.8086
2013,Memphis,6,108.62,91.9204,16.6993
2013,UCLA,6,111.467,96.3046,15.1624
2013,Creighton,7,119.389,97.1644,22.2247
2013,Illinois,7,110.496,95.3564,15.1395
2013,Notre Dame,7,115.515,98.0769,17.4382
2013,San Diego St.,7,107.707,89.1276,18.5799
2013,Colorado St.,8,118.136,97.9562,20.1795
2013,NC State,8,116.772,99.3673,17.4046
2013,North Carolina,8,112.478,95.3146,17.1634
2013,Pittsburgh,8,116.301,91.1994,25.1014
2013,Missouri,9,115.006,95.7839,19.2225
2013,Temple,9,111.464,99.5026,11.9609
2013,Villanova,9,106.057,92.4411,13.6158
2013,Wichita St.,9,109.966,92.5764,17.3895
2013,Cincinnati,10,105.794,90.2087,15.5856
2013,Colorado,10,107.269,92.4737,14.7956
2013,Iowa St.,10,116.863,100.569,16.2941
2013,Oklahoma,10,111.409,97.0916,14.3172
2013,Belmont,11,111.598,95.8476,15.7507
2013,Bucknell,11,107.882,94.4384,13.4434
2013,Middle Tennessee,11,107.517,91.9796,15.5372
2013,Minnesota,11,113.792,94.6477,19.1442
2013,Saint Mary's,11,116.686,97.7603,18.9259
2013,Akron,12,107.801,94.0583,13.7427
2013,California,12,107.434,94.7044,12.7298
2013,Mississippi,12,112.338,95.8159,16.5223
2013,Oregon,12,105.529,90.6673,14.8613
2013,Boise St.,13,113.2,98.0999,15.1001
2013,La Salle,13,110.546,97.2446,13.3018
2013,Montana,13,105.569,102.857,2.71159
2013,New Mexico St.,13,105.566,96.7219,8.84441
2013,South Dakota St.,13,112.586,105.42,7.16609
2013,Davidson,14,112.441,101.27,11.1711
2013,Harvard,14,108.139,101.233,6.90592
2013,Northwestern St.,14,106.886,103.699,3.18756
2013,Valparaiso,14,111.066,99.147,11.9193
2013,Albany,15,102.346,101.191,1.15535
2013,Florida Gulf Coast,15,103.304,99.9512,3.35293
2013,Iona,15,114.644,106.791,7.85234
2013,Pacific,15,106.871,101.331,5.53976
2013,James Madison,16,99.5556,101.23,-1.67462
2013,LIU Brooklyn,16,111.069,112.442,-1.37364
2013,Liberty,16,100.529,110.044,-9.51521
2013,North Carolina A&T,16,92.5828,97.9108,-5.32804
2013,Southern,16,99.0012,99.294,-0.292737
2013,Western Kentucky,16,101.798,102.763,-0.965895
2014,Arizona,1,115.193,84.7964,30.3964
2014,Florida,1,116.216,88.4056,27.8106
2014,Virginia,1,113.85,87.4218,26.4285
2014,Wichita St.,1,117.117,91.937,25.1804
2014,Kansas,2,119.974,94.5731,25.4011
2014,Michigan,2,122.369,99.5935,22.7757
2014,Villanova,2,117.154,91.8909,25.2627
2014,Wisconsin,2,120.678,96.8522,23.8262
2014,Creighton,3,125.701,100.913,24.7882
2014,Duke,3,124.75,99.4399,25.3098
2014,Iowa St.,3,116.764,95.8121,20.9515
2014,Syracuse,3,114.707,93.2029,21.5042
2014,Louisville,4,119.102,88.5345,30.5677
2014,Michigan St.,4,118.203,94.4143,23.7886
2014,San Diego St.,4,109.055,89.2312,19.8236
2014,UCLA,4,118.14,95.8826,22.2575
2014,Cincinnati,5,109.197,90.1186,19.0788
2014,Oklahoma,5,117.886,99.4806,18.4058
2014,Saint Louis,5,105.599,89.8073,15.792
2014,VCU,5,108.679,88.4655,20.2135
2014,Baylor,6,118.684,100.799,17.8854
2014,Massachusetts,6,109.841,95.6537,14.1875
2014,North Carolina,6,111.545,93.1571,18.3881
2014,Ohio St.,6,109.354,87.6797,21.6743
2014,Connecticut,7,111.355,92.2385,19.1162
2014,New Mexico,7,113.782,96.2346,17.5475
2014,Oregon,7,118.258,99.4749,18.783
2014,Texas,7,110.262,95.2735,14.9889
2014,Colorado,8,107.9,95.4275,12.4727
2014,Gonzaga,8,113.594,92.9558,20.6386
2014,Kentucky,8,116.202,95.0512,21.1505
2014,Memphis,8,111.252,96.3212,14.9304
2014,George Washington,9,110.212,95.9821,14.2297
2014,Kansas St.,9,108.305,93.9099,14.3949
2014,Oklahoma St.,9,115.772,94.2393,21.5328
2014,Pittsburgh,9,116.412,94.8924,21.5198
2014,Arizona St.,10,110.175,94.7808,15.3941
2014,BYU,10,114.713,99.9591,14.7544
2014,Saint Joseph's,10,111.261,98.2332,13.0273
2014,Stanford,10,113.435,97.4392,15.9959
2014,Dayton,11,113.694,100.71,12.9838
2014,Iowa,11,120.152,99.1218,21.0299
2014,Nebraska,11,108.82,95.6836,13.1363
2014,Providence,11,114.031,99.2945,14.7367
2014,Tennessee,11,115.185,93.4414,21.7438
2014,Harvard,12,112.027,94.7095,17.3178
2014,NC State,12,113.205,102.658,10.5467
2014,North Dakota St.,12,116.004,103.42,12.5832
2014,Stephen F. Austin,12,111.44,100.651,10.7884
2014,Xavier,12,113.691,98.6757,15.0151
2014,Delaware,13,111.299,105.513,5.78601
2014,Manhattan,13,106.544,96.9886,9.55527
2014,New Mexico St.,13,112.746,102.113,10.6331
2014,Tulsa,13,105.972,96.6323,9.33939
2014,Louisiana Lafayette,14,109.939,104.85,5.08877
2014,Mercer,14,108.78,101.313,7.46633
2014,North Carolina Central,14,107.276,98.9836,8.29208
2014,Western Michigan,14,106.443,102.024,4.41973
2014,American,15,103.925,98.0491,5.87548
2014,Eastern Kentucky,15,111.315,108.295,3.01993
2014,Milwaukee,15,104.63,104.266,0.3633
2014,Wofford,15,100.924,102.947,-2.02301
2014,Albany,16,102.179,103.893,-1.71363
2014,Cal Poly,16,103.247,103.846,-0.599368
2014,Coastal Carolina,16,97.0064,102.979,-5.97261
2014,Mount St. Mary's,16,107.491,111.241,-3.75021
2014,Texas Southern,16,106.018,112.768,-6.75033
2014,Weber St.,16,106.025,106.516,-0.49027
2015,Duke,1,124.253,94.9453,29.3074
2015,Kentucky,1,121.27,83.8367,37.4333
2015,Villanova,1,122.473,91.5163,30.9562
2015,Wisconsin,1,126.815,93.2904,33.5251
2015,Arizona,2,118.227,85.9123,32.3143
2015,Gonzaga,2,121.92,92.9958,28.9239
2015,Kansas,2,114.271,90.5293,23.7421
2015,Virginia,2,115.318,84.4292,30.8885
2015,Baylor,3,117.192,93.7123,23.4796
2015,Iowa St.,3,120.166,97.135,23.031
2015,Notre Dame,3,124.623,100.552,24.0703
2015,Oklahoma,3,111.785,87.6854,24.1001
2015,Georgetown,4,113.166,93.597,19.5694
2015,Louisville,4,108.601,88.176,20.4245
2015,Maryland,4,111.125,94.9328,16.1924
2015,North Carolina,4,117.921,94.1249,23.7959
2015,Arkansas,5,114.941,97.964,16.9767
2015,Northern Iowa,5,115.17,94.2192,20.9503
2015,Utah,5,116.433,89.5299,26.9035
2015,West Virginia,5,113.252,94.4993,18.7531
2015,Butler,6,110.554,90.9269,19.6267
2015,Providence,6,112.954,95.3871,17.5673
2015,SMU,6,113.524,95.4867,18.0372
2015,Xavier,6,115.283,96.6313,18.6517
2015,Iowa,7,113.359,95.1085,18.251
2015,Michigan St.,7,115.973,95.052,20.9213
2015,VCU,7,110.62,94.1043,16.5157
2015,Wichita St.,7,114.962,93.3065,21.6555
2015,Cincinnati,8,108.353,94.1045,14.2488
2015,NC State,8,114.001,98.6377,15.3629
2015,Oregon,8,114.457,101.273,13.1844
2015,San Diego St.,8,104.401,88.1829,16.2186
2015,LSU,9,108.743,94.7996,13.9432
2015,Oklahoma St.,9,111.825,95.6458,16.1789
2015,Purdue,9,110.824,96.8436,13.9802
2015,St. John's,9,110.125,95.8018,14.3233
2015,Davidson,10,120.481,103.662,16.8188
2015,Georgia,10,109.524,94.1302,15.3937
2015,Indiana,10,119.285,105.478,13.8074
2015,Ohio St.,10,115.312,94.3058,21.0066
2015,BYU,11,119.356,101.562,17.7947
2015,Boise St.,11,111.769,97.7869,13.9824
2015,Dayton,11,108.983,95.0972,13.8856
2015,Mississippi,11,114.568,100.141,14.4267
2015,Texas,11,112.877,92.759,20.1184
2015,UCLA,11,112.266,98.1315,14.1346
2015,Buffalo,12,111.344,99.0045,12.339
2015,Stephen F. Austin,12,114.494,100.484,14.0106
2015,Wofford,12,104.909,98.5115,6.39782
2015,Wyoming,12,104.478,98.0741,6.40364
2015,Eastern Washington,13,112.165,109.197,2.96737
2015,Harvard,13,103.686,94.9442,8.74154
2015,UC Irvine,13,105.818,98.9592,6.85898
2015,Valparaiso,13,106.629,95.6594,10.9697
2015,Albany,14,106.463,103.431,3.03231
2015,Georgia St.,14,110.463,100.687,9.77537
2015,Northeastern,14,107.892,103.071,4.82045
2015,UAB,14,104.585,101.758,2.82779
2015,Belmont,15,109.115,107.619,1.49515
2015,New Mexico St.,15,106.825,99.8197,7.0055
2015,North Dakota St.,15,102.68,102.079,0.601364
2015,Texas Southern,15,103.049,106.918,-3.8688
2015,Coastal Carolina,16,105.424,103.803,1.6211
2015,Hampton,16,96.0398,104.551,-8.51136
2015,Lafayette,16,112.691,114.45,-1.75874
2015,Manhattan,16,101.932,101.19,0.742583
2015,North Florida,16,108.032,105.12,2.91181
2015,Robert Morris,16,102.327,103.869,-1.54229
2016,Kansas,1,120.379,90.575,29.804
2016,North Carolina,1,121.139,93.1009,28.0379
2016,Oregon,1,119.63,96.8455,22.7847
2016,Virginia,1,120.224,91.1288,29.0952
2016,Michigan St.,2,123.022,93.3408,29.6807
2016,Oklahoma,2,117.285,92.4357,24.849
2016,Villanova,2,118.299,91.552,26.7471
2016,Xavier,2,117.096,95.3858,21.71
2016,Miami FL,3,118.848,95.9995,22.848
2016,Texas A&M,3,114.159,92.3528,21.8057
2016,Utah,3,115.673,97.5601,18.1129
2016,West Virginia,3,116.39,90.4754,25.9146
2016,California,4,112.902,93.2625,19.6396
2016,Duke,4,121.786,99.7328,22.0532
2016,Iowa St.,4,121.033,99.9576,21.0754
2016,Kentucky,4,122.508,97.3082,25.1996
2016,Baylor,5,118.756,98.8407,19.9152
2016,Indiana,5,120.855,98.0589,22.7957
2016,Maryland,5,116.294,95.5806,20.7136
2016,Purdue,5,117.0,92.4061,24.5939
2016,Arizona,6,117.368,95.4851,21.8831
2016,Notre Dame,6,119.69,103.709,15.9813
2016,Seton Hall,6,111.433,93.7641,17.6691
2016,Texas,6,112.821,95.7146,17.1061
2016,Dayton,7,106.934,93.5907,13.3434
2016,Iowa,7,116.298,94.9421,21.3563
2016,Oregon St.,7,110.836,98.3992,12.4371
2016,Wisconsin,7,111.769,95.4038,16.3651
2016,Colorado,8,108.785,95.1948,13.5905
2016,Saint Joseph's,8,113.435,98.7988,14.6358
2016,Texas Tech,8,113.846,99.1212,14.7244
2016,USC,8,113.901,99.116,14.7848
2016,Butler,9,117.318,101.468,15.8497
2016,Cincinnati,9,110.035,92.8755,17.1593
2016,Connecticut,9,111.651,92.899,18.752
2016,Providence,9,109.321,95.7275,13.5932
2016,Pittsburgh,10,115.484,99.2827,16.2013
2016,Syracuse,10,111.357,95.507,15.8501
2016,Temple,10,106.619,98.2712,8.34785
2016,VCU,10,110.984,94.769,16.2152
2016,Gonzaga,11,116.44,97.1644,19.2756
2016,Michigan,11,115.094,100.54,14.5538
2016,Northern Iowa,11,108.298,98.2039,10.0945
2016,Tulsa,11,111.352,99.564,11.788
2016,Vanderbilt,11,114.458,94.5381,19.9195
2016,Wichita St.,11,111.743,90.5918,21.1508
2016,Arkansas Little Rock,12,108.951,95.6244,13.3265
2016,Chattanooga,12,107.156,99.7384,7.41784
2016,South Dakota St.,12,110.826,101.245,9.58182
2016,Yale,12,109.51,95.6837,13.8265
2016,Hawaii,13,108.243,96.5071,11.736
2016,Iona,13,110.602,102.768,7.8333
2016,Stony Brook,13,107.481,98.9433,8.53773
2016,UNC Wilmington,13,110.051,100.792,9.25855
2016,Buffalo,14,105.541,102.83,2.71119
2016,Fresno St.,14,107.084,100.385,6.69862
2016,Green Bay,14,108.225,104.236,3.98885
2016,Stephen F. Austin,14,111.339,96.9336,14.405
2016,Cal St. Bakersfield,15,103.37,96.8714,6.49871
2016,Middle Tennessee,15,103.144,99.21,3.93408
2016,UNC Asheville,15,103.529,99.3166,4.21193
2016,Weber St.,15,103.593,100.851,2.74146
2016,Austin Peay,16,104.005,109.104,-5.09934
2016,Fairleigh Dickinson,16,104.836,114.583,-9.74686
2016,Florida Gulf Coast,16,102.917,104.307,-1.39023
2016,Hampton,16,99.7519,106.561,-6.80879
2016,Holy Cross,16,97.0369,108.525,-11.4879
2016,Southern,16,100.906,106.217,-5.31079
2017,Gonzaga,1,120.711,87.6571,33.0538
2017,Kansas,1,120.833,94.8585,25.975
2017,North Carolina,1,122.075,94.0654,28.0091
2017,Villanova,1,122.753,91.9756,30.7772
2017,Arizona,2,117.585,94.8418,22.7427
2017,Duke,2,120.988,95.8991,25.0887
2017,Kentucky,2,119.139,91.8728,27.2664
2017,Louisville,2,117.179,90.4602,26.7186
2017,Baylor,3,117.289,92.281,25.0078
2017,Florida St.,3,116.738,93.9951,22.7426
2017,Oregon,3,117.728,93.9002,23.8276
2017,UCLA,3,122.757,99.8057,22.9515
2017,Butler,4,117.971,97.0613,20.9097
2017,Florida,4,115.851,89.4618,26.3891
2017,Purdue,4,116.912,92.6889,24.2236
2017,West Virginia,4,116.472,89.6731,26.7991
2017,Iowa St.,5,119.541,96.4283,23.113
2017,Minnesota,5,109.574,92.9833,16.5907
2017,Notre Dame,5,118.891,97.7973,21.0939
2017,Virginia,5,113.686,87.0194,26.6671
2017,Cincinnati,6,114.215,91.8982,22.3165
2017,Creighton,6,115.639,96.0487,19.5902
2017,Maryland,6,113.565,98.7271,14.838
2017,SMU,6,120.073,94.8141,25.2591
2017,Dayton,7,112.3,96.6262,15.6735
2017,Michigan,7,121.592,98.9742,22.618
2017,Saint Mary's,7,118.894,94.2568,24.6377
2017,South Carolina,7,105.546,88.5163,17.0302
2017,Arkansas,8,116.639,101.04,15.5987
2017,Miami FL,8,110.386,93.4254,16.9602
2017,Northwestern,8,111.189,95.6778,15.511
2017,Wisconsin,8,113.589,91.2963,22.2926
2017,Michigan St.,9,110.569,95.5936,14.9753
2017,Seton Hall,9,109.8,95.8517,13.9487
2017,Vanderbilt,9,112.303,96.065,16.2376
2017,Virginia Tech,9,117.358,102.419,14.9395
2017,Marquette,10,120.943,103.371,17.5711
2017,Oklahoma St.,10,124.834,102.73,22.1043
2017,VCU,10,110.018,95.716,14.3025
2017,Wichita St.,10,119.636,93.2236,26.4121
2017,Kansas St.,11,112.038,94.4839,17.5538
2017,Providence,11,108.021,95.1217,12.8992
2017,Rhode Island,11,110.668,95.0527,15.6156
2017,USC,11,112.508,100.168,12.3407
2017,Wake Forest,11,120.873,103.6,17.2722
2017,Xavier,11,114.744,99.4255,15.3189
2017,Middle Tennessee,12,111.64,96.9823,14.6582
2017,Nevada,12,114.477,101.135,13.3415
2017,Princeton,12,109.396,96.8962,12.5002
2017,UNC Wilmington,12,117.706,105.319,12.3867
2017,Bucknell,13,109.074,100.358,8.71601
2017,East Tennessee St.,13,107.974,96.4902,11.4836
2017,Vermont,13,110.832,98.9477,11.8847
2017,Winthrop,13,106.436,101.809,4.62694
2017,Florida Gulf Coast,14,109.563,104.547,5.016
2017,Iona,14,110.197,106.195,4.00176
2017,Kent St.,14,104.421,102.687,1.73415
2017,New Mexico St.,14,110.052,102.738,7.31463
2017,Jacksonville St.,15,105.363,104.78,0.583245
2017,North Dakota,15,102.854,103.166,-0.311268
2017,Northern Kentucky,15,106.647,105.311,1.33605
2017,Troy,15,109.892,107.217,2.67571
2017,Mount St. Mary's,16,98.9775,103.211,-4.23312
2017,New Orleans,16,100.844,101.362,-0.517773
2017,North Carolina Central,16,102.796,101.835,0.961015
2017,South Dakota St.,16,110.782,112.116,-1.33359
2017,Texas Southern,16,103.622,107.286,-3.66476
2017,UC Davis,16,97.8508,102.603,-4.75235
2018,Kansas,1,120.933,97.6938,23.2388
2018,Villanova,1,127.384,95.9749,31.4091
2018,Virginia,1,116.528,84.3753,32.1527
2018,Xavier,1,120.74,99.0492,21.6909
2018,Cincinnati,2,113.155,86.158,26.9966
2018,Duke,2,122.602,93.467,29.1348
2018,North Carolina,2,121.959,96.9241,25.0348
2018,Purdue,2,123.248,96.5818,26.6663
2018,Michigan,3,115.9,92.7095,23.1909
2018,Michigan St.,3,119.983,93.6364,26.3461
2018,Tennessee,3,114.839,92.6901,22.1486
2018,Texas Tech,3,114.03,92.0873,21.9424
2018,Arizona,4,119.012,99.6425,19.3692
2018,Auburn,4,118.196,97.5614,20.6348
2018,Gonzaga,4,119.824,95.0891,24.7352
2018,Wichita St.,4,121.925,101.857,20.068
2018,Clemson,5,113.774,93.5052,20.2693
2018,Kentucky,5,116.426,96.019,20.4069
2018,Ohio St.,5,116.15,95.0408,21.1094
2018,West Virginia,5,119.151,97.3766,21.7748
2018,Florida,6,115.14,96.4262,18.7137
2018,Houston,6,115.787,95.2473,20.5396
2018,Miami FL,6,113.309,97.5988,15.7103
2018,TCU,6,120.625,101.705,18.9201
2018,Arkansas,7,117.32,101.685,15.635
2018,Nevada,7,119.901,101.72,18.1814
2018,Rhode Island,7,111.71,97.328,14.3818
2018,Texas A&M,7,111.204,94.2949,16.9086
2018,Creighton,8,116.454,99.1744,17.2792
2018,Missouri,8,113.275,97.803,15.4717
2018,Seton Hall,8,116.335,98.9994,17.3352
2018,Virginia Tech,8,115.016,98.3773,16.6388
2018,Alabama,9,108.459,94.6334,13.8252
2018,Florida St.,9,115.822,99.9984,15.8239
2018,Kansas St.,9,112.178,97.4236,14.7543
2018,NC State,9,116.426,101.294,15.1323
2018,Butler,10,115.758,97.8916,17.8667
2018,Oklahoma,10,115.128,100.709,14.419
2018,Providence,10,108.926,97.0075,11.9189
2018,Texas,10,109.372,93.914,15.4577
2018,Arizona St.,11,117.651,102.937,14.714
2018,Loyola Chicago,11,111.331,96.1911,15.1402
2018,San Diego St.,11,111.286,97.1358,14.1504
2018,St. Bonaventure,11,112.288,101.093,11.1954
2018,Syracuse,11,107.705,94.1122,13.5929
2018,UCLA,11,116.447,102.063,14.3834
2018,Davidson,12,117.399,102.494,14.9051
2018,Murray St.,12,113.139,100.444,12.6951
2018,New Mexico St.,12,108.457,94.9001,13.5573
2018,South Dakota St.,12,114.629,104.038,10.5907
2018,Buffalo,13,114.284,103.791,10.4931
2018,College of Charleston,13,109.887,105.153,4.73418
2018,Marshall,13,109.328,103.944,5.38402
2018,UNC Greensboro,13,105.672,96.6156,9.0562
2018,Bucknell,14,109.182,102.368,6.8137
2018,Montana,14,110.144,99.3132,10.8304
2018,Stephen F. Austin,14,104.983,99.4206,5.56289
2018,Wright St.,14,101.068,98.251,2.81674
2018,Cal St. Fullerton,15,104.984,103.669,1.3154
2018,Georgia St.,15,109.045,101.835,7.20921
2018,Iona,15,110.261,107.388,2.87263
2018,Lipscomb,15,103.793,103.43,0.363623
2018,LIU Brooklyn,16,103.335,111.135,-7.80028
2018,North Carolina Central,16,98.1525,110.889,-12.7366
2018,Penn,16,103.553,99.8577,3.69539
2018,Radford,16,103.581,103.629,-0.0477779
2018,Texas Southern,16,105.281,112.94,-7.659
2018,UMBC,16,103.389,105.297,-1.9086
2019,Duke,1,120.084,88.0911,31.9925
2019,Gonzaga,1,125.125,92.336,32.7887
2019,North Carolina,1,119.872,90.701,29.171
2019,Virginia,1,123.571,87.9163,35.6552
2019,Kentucky,2,118.223,90.8094,27.4133
2019,Michigan,2,115.516,86.081,29.4352
2019,Michigan St.,2,121.729,90.3679,31.3607
2019,Tennessee,2,122.479,95.4987,26.98
2019,Houston,3,114.118,91.6934,22.4249
2019,LSU,3,118.485,97.5196,20.9656
2019,Purdue,3,121.093,95.0422,26.0512
2019,Texas Tech,3,112.694,85.9468,26.7476
2019,Florida St.,4,112.987,90.4293,22.5574
2019,Kansas,4,112.746,92.0406,20.7051
2019,Kansas St.,4,107.96,87.7377,20.2225
2019,Virginia Tech,4,118.433,93.9634,24.4696
2019,Auburn,5,119.571,96.2397,23.3317
2019,Marquette,5,114.15,95.7294,18.4207
2019,Mississippi St.,5,117.395,96.7173,20.6776
2019,Wisconsin,5,110.809,87.134,23.675
2019,Buffalo,6,114.89,94.5531,20.337
2019,Iowa St.,6,118.992,97.1452,21.8472
2019,Maryland,6,113.82,93.8429,19.9776
2019,Villanova,6,116.973,98.1987,18.7745
2019,Cincinnati,7,111.566,94.515,17.0509
2019,Louisville,7,113.376,92.4055,20.9708
2019,Nevada,7,114.0,95.0771,18.9229
2019,Wofford,7,118.357,97.6422,20.7146
2019,Mississippi,8,112.779,97.6963,15.0831
2019,Syracuse,8,110.213,93.9133,16.3
2019,Utah St.,8,112.966,96.3467,16.6198
2019,VCU,8,104.312,88.6222,15.6895
2019,Baylor,9,113.517,98.2238,15.2935
2019,Oklahoma,9,109.401,93.8663,15.5345
2019,UCF,9,110.31,95.7335,14.5761
2019,Washington,9,106.98,93.6134,13.3669
2019,Florida,10,110.219,91.895,18.3239
2019,Iowa,10,117.163,101.207,15.9555
2019,Minnesota,10,110.671,96.2136,14.4575
2019,Seton Hall,10,109.303,96.3961,12.9072
2019,Arizona St.,11,109.774,98.5646,11.2091
2019,Belmont,11,114.834,101.76,13.0739
2019,Ohio St.,11,109.268,94.1896,15.0781
2019,Saint Mary's,11,114.634,96.9231,17.7106
2019,St. John's,11,109.671,100.92,8.75182
2019,Temple,11,108.851,99.4587,9.3923
2019,Liberty,12,110.565,99.7435,10.8215
2019,Murray St.,12,112.038,98.706,13.3317
2019,New Mexico St.,12,112.605,99.0173,13.588
2019,Oregon,12,107.7,92.5481,15.1521
2019,Northeastern,13,111.465,102.718,8.74685
2019,Saint Louis,13,102.575,96.3024,6.27254
2019,UC Irvine,13,106.606,97.144,9.46217
2019,Vermont,13,107.949,99.2286,8.72064
2019,Georgia St.,14,107.886,102.289,5.59737
2019,Northern Kentucky,14,109.235,102.676,6.55918
2019,Old Dominion,14,101.929,96.3508,5.57853
2019,Yale,14,111.702,103.115,8.58693
2019,Abilene Christian,15,103.625,101.539,2.08626
2019,Bradley,15,100.892,101.25,-0.358275
2019,Colgate,15,110.038,105.751,4.2867
2019,Montana,15,107.36,103.814,3.54691
2019,Fairleigh Dickinson,16,106.184,110.432,-4.2487
2019,Gardner Webb,16,107.475,108.218,-0.743522
2019,Iona,16,106.514,109.593,-3.07828
2019,North Carolina Central,16,96.6416,108.528,-11.8864
2019,North Dakota St.,16,106.552,109.751,-3.19855
2019,Prairie View A&M,16,101.53,105.838,-4.30871
2021,Baylor,1,123.265,93.7679,29.4969
2021,Gonzaga,1,126.111,89.4872,36.6241
2021,Illinois,1,118.957,88.3445,30.6122
2021,Michigan,1,119.434,88.6425,30.7915
2021,Alabama,2,111.722,86.734,24.9876
2021,Houston,2,118.922,90.1017,28.8202
2021,Iowa,2,123.496,94.5925,28.9031
2021,Ohio St.,2,122.274,96.8491,25.4253
2021,Arkansas,3,111.502,89.9724,21.5292
2021,Kansas,3,109.615,88.5839,21.0313
2021,Texas,3,113.848,93.2661,20.5822
2021,West Virginia,3,116.128,95.8073,20.3206
2021,Florida St.,4,116.442,94.3726,22.0698
2021,Oklahoma St.,4,110.059,91.2923,18.7671
2021,Purdue,4,113.612,91.3407,22.2716
2021,Virginia,4,115.637,92.9824,22.6542
2021,Colorado,5,114.417,92.7358,21.6816
2021,Creighton,5,114.87,93.5652,21.3051
2021,Tennessee,5,108.804,87.7414,21.0624
2021,Villanova,5,118.602,95.984,22.6184
2021,BYU,6,113.107,92.1612,20.9462
2021,San Diego St.,6,110.835,89.5391,21.296
2021,Texas Tech,6,112.362,91.4155,20.9465
2021,USC,6,112.883,90.6583,22.2245
2021,Clemson,7,106.87,90.7046,16.1652
2021,Connecticut,7,113.581,91.6796,21.9011
2021,Florida,7,110.975,93.4227,17.5522
2021,Oregon,7,114.453,96.7728,17.6799
2021,LSU,8,119.771,100.181,19.5899
2021,Loyola Chicago,8,110.416,86.6625,23.7539
2021,North Carolina,8,110.111,90.0231,20.0876
2021,Oklahoma,8,111.427,94.7836,16.6439
2021,Georgia Tech,9,113.332,94.783,18.5494
2021,Missouri,9,110.248,95.0983,15.15
2021,St. Bonaventure,9,111.309,90.4885,20.8204
2021,Wisconsin,9,112.522,89.8672,22.6545
2021,Maryland,10,110.916,92.1984,18.7175
2021,Rutgers,10,108.651,90.5084,18.1428
2021,VCU,10,105.49,89.5783,15.9115
2021,Virginia Tech,10,110.048,94.8276,15.2207
2021,Drake,11,113.949,99.3062,14.6425
2021,Michigan St.,11,106.989,92.9745,14.0141
2021,Syracuse,11,113.82,97.5937,16.2268
2021,UCLA,11,113.403,97.4859,15.9175
2021,Utah St.,11,105.729,89.2192,16.51
2021,Wichita St.,11,109.988,98.4414,11.5469
2021,Georgetown,12,107.693,93.636,14.0569
2021,Oregon St.,12,109.326,99.1533,10.1728
2021,UC Santa Barbara,12,109.242,97.0104,12.2317
2021,Winthrop,12,105.093,96.1535,8.93908
2021,Liberty,13,110.143,101.773,8.37002
2021,North Texas,13,105.362,93.6646,11.6975
2021,Ohio,13,113.002,101.888,11.1142
2021,UNC Greensboro,13,104.118,95.9651,8.15332
2021,Abilene Christian,14,103.047,92.9196,10.1273
2021,Colgate,14,110.89,100.668,10.2223
2021,Eastern Washington,14,107.67,101.018,6.65145
2021,Morehead St.,14,100.165,96.2694,3.89559
2021,Cleveland St.,15,100.852,99.4794,1.37289
2021,Grand Canyon,15,103.554,96.5771,6.97644
2021,Iona,15,100.371,101.407,-1.03598
2021,Oral Roberts,15,108.656,107.44,1.21622
2021,Appalachian St.,16,99.3998,103.738,-4.33805
2021,Drexel,16,107.143,105.525,1.6183
2021,Hartford,16,97.4886,100.22,-2.73095
2021,Mount St. Mary's,16,95.4181,100.428,-5.0102
2021,Norfolk St.,16,100.613,104.355,-3.74215
2021,Texas Southern,16,98.9834,105.038,-6.05453
2022,Arizona,1,119.64,92.431,27.2089
2022,Baylor,1,117.874,91.5538,26.3204
2022,Gonzaga,1,121.805,88.836,32.9688
2022,Kansas,1,119.389,93.8965,25.492
2022,Auburn,2,113.602,89.1491,24.453
2022,Duke,2,119.363,95.6508,23.7124
2022,Kentucky,2,120.191,93.5959,26.5948
2022,Villanova,2,117.95,93.8397,24.1107
2022,Purdue,3,121.268,98.9804,22.2872
2022,Tennessee,3,111.439,86.1987,25.2399
2022,Texas Tech,3,109.701,85.0595,24.641
2022,Wisconsin,3,110.398,94.8142,15.5839
2022,Arkansas,4,111.072,92.0511,19.0214
2022,Illinois,4,113.725,94.138,19.5866
2022,Providence,4,111.929,98.0491,13.8797
2022,UCLA,4,116.076,91.2287,24.8472
2022,Connecticut,5,113.924,94.5963,19.3281
2022,Houston,5,117.348,90.8508,26.4976
2022,Iowa,5,121.548,98.0208,23.5269
2022,Saint Mary's,5,109.764,89.9554,19.8082
2022,Alabama,6,116.098,98.7358,17.3625
2022,Colorado St.,6,114.159,98.3029,15.8566
2022,LSU,6,107.64,88.5581,19.0816
2022,Texas,6,111.812,91.4059,20.4063
2022,Michigan St.,7,111.275,96.4032,14.8717
2022,Murray St.,7,111.518,95.1287,16.389
2022,Ohio St.,7,116.627,100.804,15.8224
2022,USC,7,110.473,96.0232,14.4494
2022,Boise St.,8,108.443,92.0306,16.412
2022,North Carolina,8,113.057,97.0108,16.0459
2022,San Diego St.,8,104.106,85.9549,18.151
2022,Seton Hall,8,108.487,93.5199,14.967
2022,Creighton,9,105.588,92.1195,13.4685
2022,Marquette,9,109.787,95.785,14.0024
2022,Memphis,9,110.368,94.1479,16.2198
2022,TCU,9,108.261,93.3525,14.909
2022,Davidson,10,116.781,101.978,14.8028
2022,Loyola Chicago,10,110.891,93.196,17.6948
2022,Miami FL,10,114.756,102.136,12.6207
2022,San Francisco,10,110.756,92.3886,18.3679
2022,Iowa St.,11,104.382,90.4362,13.9459
2022,Michigan,11,114.207,98.5588,15.6481
2022,Notre Dame,11,111.997,98.3632,13.6336
2022,Rutgers,11,106.375,95.5107,10.8648
2022,Virginia Tech,11,114.268,96.4045,17.8634
2022,Indiana,12,107.558,92.6213,14.9367
2022,New Mexico St.,12,107.805,97.7021,10.1026
2022,Richmond,12,109.146,99.3205,9.82501
2022,UAB,12,112.489,98.456,14.0333
2022,Wyoming,12,110.173,97.0777,13.0956
2022,Akron,13,106.151,102.661,3.48951
2022,Chattanooga,13,110.028,98.756,11.2724
2022,South Dakota St.,13,116.763,105.32,11.4429
2022,Vermont,13,110.775,97.7084,13.0669
2022,Colgate,14,108.276,104.059,4.21729
2022,Longwood,14,106.108,103.624,2.48399
2022,Montana St.,14,104.531,100.723,3.80856
2022,Yale,14,101.474,99.2392,2.23432
2022,Cal St. Fullerton,15,104.656,102.553,2.10306
2022,Delaware,15,106.849,104.566,2.283
2022,Jacksonville St.,15,105.325,103.083,2.24147
2022,Saint Peter's,15,98.7512,94.4758,4.27548
2022,Bryant,16,104.211,105.162,-0.950484
2022,Georgia St.,16,101.532,99.6875,1.84485
2022,Norfolk St.,16,102.43,102.285,0.14543
2022,Texas A&M Corpus Chris,16,96.9771,103.288,-6.3107
2022,Texas Southern,16,98.1424,99.4749,-1.33245
2022,Wright St.,16,106.365,107.231,-0.866069
2023,Alabama,1,116.097,88.5549,27.5425
2023,Houston,1,118.387,89.5678,28.8196
2023,Kansas,1,114.61,91.4741,23.1356
2023,Purdue,1,119.362,94.8154,24.5463
2023,Arizona,2,119.979,97.1195,22.8595
2023,Marquette,2,119.308,97.4789,21.8296
2023,Texas,2,116.581,92.0106,24.5707
2023,UCLA,2,114.875,87.2423,27.6323
2023,Baylor,3,121.852,101.871,19.9811
2023,Gonzaga,3,124.004,99.6937,24.3101
2023,Kansas St.,3,112.516,94.2021,18.3143
2023,Xavier,3,119.297,99.604,19.693
2023,Connecticut,4,119.437,94.0686,25.3686
2023,Indiana,4,114.651,97.2921,17.3586
2023,Tennessee,4,112.675,87.97,24.7052
2023,Virginia,4,111.166,94.7544,16.4114
2023,Duke,5,113.242,94.7531,18.4885
2023,Miami FL,5,118.233,103.319,14.9148
2023,Saint Mary's,5,113.47,91.5736,21.896
2023,San Diego St.,5,111.929,91.6744,20.2549
2023,Creighton,6,114.621,93.9665,20.6545
2023,Iowa St.,6,109.884,91.5493,18.3345
2023,Kentucky,6,117.41,99.6115,17.7987
2023,TCU,6,112.366,94.3027,18.0633
2023,Michigan St.,7,113.4,96.6898,16.7099
2023,Missouri,7,119.289,105.37,13.9186
2023,Northwestern,7,108.511,93.6787,14.8321
2023,Texas A&M,7,114.483,96.1997,18.2834
2023,Arkansas,8,112.596,93.9677,18.6287
2023,Iowa,8,120.475,104.873,15.6021
2023,Maryland,8,114.136,95.7662,18.3703
2023,Memphis,8,114.701,96.0133,18.6881
2023,Auburn,9,112.689,95.2408,17.4484
2023,Florida Atlantic,9,114.275,96.0455,18.2298
2023,Illinois,9,112.167,95.6864,16.4805
2023,West Virginia,9,117.144,97.9996,19.1445
2023,Boise St.,10,110.969,93.8352,17.1342
2023,Penn St.,10,116.826,101.79,15.0367
2023,USC,10,113.122,97.4891,15.6327
2023,Utah St.,10,117.762,98.8807,18.8814
2023,Arizona St.,11,107.586,95.2101,12.3762
2023,Mississippi St.,11,105.451,91.3344,14.1161
2023,NC State,11,113.894,100.589,13.3052
2023,Nevada,11,112.039,97.2466,14.7927
2023,Pittsburgh,11,115.103,103.837,11.2663
2023,Providence,11,116.847,102.117,14.7305
2023,Charleston,12,111.378,99.6171,11.7607
2023,Drake,12,109.84,97.3312,12.5086
2023,Oral Roberts,12,115.289,102.04,13.2487
2023,VCU,12,107.195,94.0449,13.1498
2023,Furman,13,114.2,105.775,8.42507
2023,Iona,13,110.856,99.1448,11.7114
2023,Kent St.,13,108.347,96.4498,11.8972
2023,Louisiana,13,112.243,104.042,8.20091
2023,Grand Canyon,14,112.317,106.325,5.99141
2023,Kennesaw St.,14,106.304,102.661,3.64263
2023,Montana St.,14,105.36,99.6121,5.74793
2023,UC Santa Barbara,14,111.335,104.693,6.6422
2023,Colgate,15,112.963,107.67,5.29267
2023,Princeton,15,109.093,103.527,5.5658
2023,UNC Asheville,15,104.141,102.635,1.50642
2023,Vermont,15,109.778,104.357,5.42124
2023,Fairleigh Dickinson,16,106.175,118.425,-12.2499
2023,Howard,16,103.701,106.914,-3.21361
2023,Northern Kentucky,16,103.337,102.82,0.516867
2023,Southeast Missouri St.,16,100.937,108.149,-7.21197
2023,Texas A&M Corpus Chris,16,107.367,107.592,-0.225051
2023,Texas Southern,16,96.5543,106.264,-9.71
2024,Connecticut,1,126.609,94.3959,32.2129
2024,Houston,1,118.869,87.1503,31.7189
2024,North Carolina,1,117.798,93.1528,24.6454
2024,Purdue,1,124.99,95.8716,29.1188
2024,Arizona,2,121.127,94.5032,26.6237
2024,Iowa St.,2,113.865,87.1473,26.7178
2024,Marquette,2,118.295,95.5586,22.7368
2024,Tennessee,2,117.028,91.0569,25.9708
2024,Baylor,3,122.491,100.186,22.305
2024,Creighton,3,120.092,96.6927,23.3993
2024,Illinois,3,125.554,101.566,23.9874
2024,Kentucky,3,122.715,102.69,20.0246
2024,Alabama,4,125.604,103.121,22.4823
2024,Auburn,4,120.584,91.682,28.9015
2024,Duke,4,121.828,96.9516,24.8766
2024,Kansas,4,113.385,94.1588,19.2258
2024,Gonzaga,5,121.0,99.4359,21.5643
2024,Saint Mary's,5,114.901,95.0135,19.888
2024,San Diego St.,5,113.548,93.8489,19.6992
2024,Wisconsin,5,120.064,99.4627,20.6008
2024,BYU,6,120.487,99.478,21.0093
2024,Clemson,6,117.427,100.49,16.9367
2024,South Carolina,6,114.702,99.6458,15.0562
2024,Texas Tech,6,117.945,99.3999,18.5449
2024,Dayton,7,118.604,101.307,17.2976
2024,Florida,7,119.32,101.132,18.1881
2024,Texas,7,118.527,100.123,18.4035
2024,Washington St.,7,113.431,97.2153,16.2157
2024,Florida Atlantic,8,118.933,102.701,16.2324
2024,Mississippi St.,8,113.66,95.6804,17.9796
2024,Nebraska,8,115.868,97.6758,18.1917
2024,Utah St.,8,115.616,100.502,15.1145
2024,Michigan St.,9,113.763,93.7282,20.0344
2024,Northwestern,9,116.639,100.73,15.909
2024,TCU,9,115.101,97.8086,17.2925
2024,Texas A&M,9,116.002,99.8937,16.1079
2024,Boise St.,10,114.005,97.6233,16.3813
2024,Colorado,10,117.58,99.1138,18.4666
2024,Colorado St.,10,115.379,98.7759,16.603
2024,Drake,10,115.619,100.905,14.7142
2024,Nevada,10,115.582,98.7643,16.818
2024,Virginia,10,105.423,93.348,12.075
2024,Duquesne,11,106.921,97.5502,9.37095
2024,NC State,11,114.386,101.33,13.0559
2024,New Mexico,11,115.408,96.4708,18.9369
2024,Oregon,11,114.037,100.607,13.4292
2024,Grand Canyon,12,113.48,99.5663,13.9138
2024,James Madison,12,113.86,100.96,12.9
2024,McNeese St.,12,114.034,101.171,12.8625
2024,UAB,12,113.683,107.402,6.28169
2024,Charleston,13,113.737,106.13,7.60711
2024,Samford,13,113.084,103.292,9.79216
2024,Vermont,13,107.124,100.147,6.97711
2024,Yale,13,110.826,101.353,9.47277
2024,Akron,14,106.985,102.05,4.93477
2024,Colgate,14,104.651,102.501,2.15007
2024,Morehead St.,14,108.991,103.522,5.46886
2024,Oakland,14,108.595,105.778,2.81758
2024,Long Beach St.,15,107.739,107.757,-0.0179405
2024,Saint Peter's,15,98.5891,100.911,-2.32155
2024,South Dakota St.,15,108.663,105.675,2.98785
2024,Western Kentucky,15,105.553,102.49,3.06269
2024,Grambling St.,16,99.2748,107.085,-7.81011
2024,Howard,16,105.49,113.753,-8.26283
2024,Longwood,16,105.713,104.754,0.959163
2024,Montana St.,16,103.308,107.21,-3.90131
2024,Stetson,16,110.263,114.367,-4.10409
2024,Wagner,16,95.785,105.879,-10.0944
2025,Auburn,1,128.426,93.379,35.0475
2025,Duke,1,127.954,89.7995,38.1544
2025,Florida,1,128.6,92.4375,36.1627
2025,Houston,1,123.226,87.7815,35.4443
2025,Alabama,2,126.511,96.5798,29.9317
2025,Michigan St.,2,118.142,90.5691,27.5733
2025,St. John's,2,113.892,87.514,26.3781
2025,Tennessee,2,120.275,89.122,31.1527
2025,Iowa St.,3,119.432,92.4359,26.9956
2025,Kentucky,3,123.783,99.5253,24.2581
2025,Texas Tech,3,125.287,97.2355,28.0517
2025,Wisconsin,3,122.016,96.0406,25.9754
2025,Arizona,4,122.541,96.8148,25.7258
2025,Maryland,4,118.136,91.7865,26.3494
2025,Purdue,4,124.232,100.394,23.8371
2025,Texas A&M,4,116.21,92.1262,24.0834
2025,Clemson,5,118.657,94.7322,23.9249
2025,Memphis,5,113.136,97.7819,15.3543
2025,Michigan,5,115.994,93.7182,22.2758
2025,Oregon,5,116.633,96.4838,20.1491
2025,BYU,6,123.002,100.609,22.3936
2025,Illinois,6,121.626,98.0619,23.5646
2025,Mississippi,6,117.842,95.7535,22.0886
2025,Missouri,6,125.287,100.869,24.4177
2025,Kansas,7,115.97,92.712,23.2578
2025,Marquette,7,117.663,96.084,21.5789
2025,Saint Mary's,7,115.276,92.1878,23.0883
2025,UCLA,7,116.85,95.0871,21.763
2025,Connecticut,8,121.928,102.59,19.3389
2025,Gonzaga,8,123.564,96.2729,27.2907
2025,Louisville,8,118.114,95.4734,22.6402
2025,Mississippi St.,8,118.739,98.6336,20.105
2025,Baylor,9,120.812,99.6653,21.1465
2025,Creighton,9,116.921,98.2137,18.7077
2025,Georgia,9,115.396,96.0081,19.3878
2025,Oklahoma,9,119.044,100.68,18.3649
2025,Arkansas,10,112.929,95.2149,17.7146
2025,New Mexico,10,112.488,95.1691,17.3187
2025,Utah St.,10,120.736,105.511,15.225
2025,Vanderbilt,10,117.933,101.772,16.1611
2025,Drake,11,112.597,98.4566,14.1399
2025,North Carolina,11,118.852,99.3034,19.5481
2025,San Diego St.,11,109.841,93.4701,16.3707
2025,Texas,11,116.677,99.5252,17.1519
2025,VCU,11,116.302,95.6967,20.6057
2025,Xavier,11,115.463,98.2653,17.1975
2025,Colorado St.,12,116.224,98.9322,17.2919
2025,Liberty,12,112.451,98.9175,13.5333
2025,McNeese,12,114.253,100.567,13.6856
2025,UC San Diego,12,115.247,96.4676,18.7789
2025,Akron,13,113.689,107.109,6.57907
2025,Grand Canyon,13,107.814,100.591,7.22297
2025,High Point,13,118.451,109.147,9.30421
2025,Yale,13,115.087,104.043,11.0438
2025,Lipscomb,14,112.665,103.179,9.48591
2025,Montana,14,110.778,110.393,0.384426
2025,Troy,14,107.654,100.778,6.87603
2025,UNC Wilmington,14,112.281,107.139,5.14265
2025,Bryant,15,106.746,105.5,1.24635
2025,Nebraska Omaha,15,111.049,110.543,0.506969
2025,Robert Morris,15,106.969,104.883,2.08559
2025,Wofford,15,113.636,109.479,4.15774
2025,Alabama St.,16,101.41,110.647,-9.23758
2025,American,16,102.054,108.032,-5.97827
2025,Mount St. Mary's,16,100.145,106.815,-6.66958
2025,Norfolk St.,16,107.141,108.669,-1.52741
2025,SIUE,16,101.884,106.201,-4.31608
2025,Saint Francis,16,99.6749,112.436,-12.7615
