season,team,seed,source_1,source_2,source_3,source_4
2001,Alabama State,16,-4.46782,,,
2001,Arizona,2,29.8902,,,
2001,Arkansas,7,17.2374,,,
2001,BYU,12,15.5326,,,
2001,Boston College,3,23.4121,,,
2001,Butler,10,17.6478,,,
2001,Cal State Northridge,13,8.93691,,,
2001,California,8,17.8195,,,
2001,Charlotte,9,15.5448,,,
2001,Cincinnati,5,17.1324,,,
2001,Creighton,10,16.8632,,,
2001,Duke,1,37.5678,,,
2001,Eastern Illinois,15,4.35337,,,
2001,Florida,3,24.2775,,,
2001,Fresno State,9,15.3086,,,
2001,George Mason,14,8.04444,,,
2001,Georgetown,10,13.8542,,,
2001,Georgia,8,14.5452,,,
2001,Georgia State,11,9.18199,,,
2001,Georgia Tech,8,16.6979,,,
2001,Gonzaga,12,14.1747,,,
2001,Hampton,15,0.0437103,,,
2001,Hawaii,12,6.99157,,,
2001,Hofstra,13,10.6791,,,
2001,Holy Cross,15,2.21637,,,
2001,Illinois,1,27.4282,,,
2001,Indiana,4,21.0867,,,
2001,Indiana State,13,9.75204,,,
2001,Iona,14,0.954416,,,
2001,Iowa,7,16.2015,,,
2001,Iowa State,2,20.2903,,,
2001,Kansas,4,22.5899,,,
2001,Kent St.,13,12.6284,,,
2001,Kentucky,2,25.1357,,,
2001,Maryland,3,26.3333,,,
2001,Michigan State,1,30.9283,,,
2001,Mississippi,3,18.9024,,,
2001,Missouri,9,12.2158,,,
2001,Monmouth,16,-1.21212,,,
2001,North Carolina,2,23.871,,,
2001,Northwestern St.,16,-6.57108,,,
2001,Notre Dame,6,14.6856,,,
2001,Ohio State,5,17.5611,,,
2001,Oklahoma,4,19.1183,,,
2001,Oklahoma State,11,13.5392,,,
2001,Penn State,7,14.7022,,,
2001,Princeton,15,-0.414098,,,
2001,Providence,10,16.3536,,,
2001,Saint Joseph's,9,16.0738,,,
2001,Southern Utah,14,6.88624,,,
2001,Stanford,1,33.231,,,
2001,Syracuse,5,12.8705,,,
2001,Temple,11,18.7866,,,
2001,Tennessee,8,17.9883,,,
2001,Texas,6,17.9078,,,
2001,UCLA,4,18.5071,,,
2001,UNC Greensboro,16,-2.97309,,,
2001,Southern California,6,17.9665,,,
2001,Utah State,12,15.3504,,,
2001,Virginia,5,22.7553,,,
2001,Wake Forest,7,23.8805,,,
2001,Western Kentucky,14,12.7455,,,
2001,Winthrop,16,-0.620731,,,
2001,Wisconsin,6,18.2483,,,
2001,Xavier,11,16.1769,,,
2002,Alabama,2,20.0181,,,
2002,Alcorn State,16,-8.40177,,,
2002,Arizona,3,21.8199,,,
2002,Boston College,11,10.2439,,,
2002,Boston University,16,-2.19695,,,
2002,California,6,16.8143,,,
2002,Central Connecticut State,14,0.972884,,,
2002,Charlotte,9,16.9942,,,
2002,Cincinnati,1,30.8442,,,
2002,UConn,2,18.5499,,,
2002,Creighton,12,11.3452,,,
2002,Davidson,13,3.34606,,,
2002,Duke,1,34.022,,,
2002,Florida,5,25.7176,,,
2002,Florida Atlantic,15,-3.08732,,,
2002,Georgia,3,18.8371,,,
2002,Gonzaga,6,19.7952,,,
2002,Hampton,15,3.92456,,,
2002,Hawaii,10,13.5696,,,
2002,Holy Cross,16,-0.667653,,,
2002,Illinois,4,21.9149,,,
2002,Illinois Chicago,15,3.27351,,,
2002,Indiana,5,22.9213,,,
2002,Kansas,1,27.7883,,,
2002,Kent St.,10,19.3362,,,
2002,Kentucky,4,22.1792,,,
2002,Marquette,5,22.2615,,,
2002,Maryland,1,26.8534,,,
2002,McNeese,14,5.73024,,,
2002,Miami,5,16.1625,,,
2002,Michigan State,10,17.2017,,,
2002,Mississippi,9,18.3854,,,
2002,Mississippi State,3,18.9632,,,
2002,Missouri,12,15.1086,,,
2002,Montana,15,-4.18602,,,
2002,Murray State,14,1.07887,,,
2002,N.C. State,7,18.2573,,,
2002,Notre Dame,8,17.7678,,,
2002,Ohio State,4,20.8285,,,
2002,Oklahoma,2,24.8637,,,
2002,Oklahoma State,7,15.6932,,,
2002,Oregon,2,24.1236,,,
2002,Penn,11,12.3806,,,
2002,Pepperdine,10,12.7171,,,
2002,Pittsburgh,3,19.2728,,,
2002,San Diego State,13,10.3606,,,
2002,Siena,16,-1.73585,,,
2002,Southern Illinois,11,12.7039,,,
2002,St. John's,9,9.28117,,,
2002,Stanford,8,21.0509,,,
2002,Texas,6,16.5086,,,
2002,Texas Tech,6,17.3249,,,
2002,Tulsa,12,15.2246,,,
2002,UC Santa Barbara,14,9.59321,,,
2002,UCLA,8,15.3217,,,
2002,UNC Wilmington,13,10.7173,,,
2002,Southern California,4,21.8232,,,
2002,Utah,12,15.2805,,,
2002,Valparaiso,13,14.1322,,,
2002,Wake Forest,7,16.6817,,,
2002,Western Kentucky,9,15.3154,,,
2002,Winthrop,16,-5.04399,,,
2002,Wisconsin,8,13.2916,,,
2002,Wyoming,11,10.8511,,,
2002,Xavier,7,18.7095,,,
2003,Alabama,10,15.468,,,
2003,Arizona,1,26.4243,,,
2003,Arizona State,10,16.7407,,,
2003,Auburn,10,12.8881,,,
2003,Austin Peay,13,3.16008,,,
2003,BYU,12,18.2088,,,
2003,Butler,12,15.3765,,,
2003,California,8,13.5863,,,
2003,Central Michigan,11,10.3641,,,
2003,Cincinnati,8,15.3334,,,
2003,Colorado,10,15.8705,,,
2003,Colorado State,14,6.27421,,,
2003,UConn,5,18.3956,,,
2003,Creighton,6,18.3096,,,
2003,Dayton,4,15.8425,,,
2003,Duke,3,22.8018,,,
2003,East Tennessee St.,15,0.744035,,,
2003,Florida,2,23.6341,,,
2003,Gonzaga,9,14.9545,,,
2003,Holy Cross,14,10.1775,,,
2003,IUPUI,16,0.761365,,,
2003,Illinois,4,24.9472,,,
2003,Indiana,7,14.5633,,,
2003,Kansas,2,27.1016,,,
2003,Kentucky,1,29.7672,,,
2003,LSU,8,20.0374,,,
2003,Louisville,4,23.6507,,,
2003,Manhattan,14,10.0239,,,
2003,Marquette,3,21.2188,,,
2003,Maryland,6,21.493,,,
2003,Memphis,7,17.8261,,,
2003,Michigan State,7,17.7907,,,
2003,Milwaukee,12,12.6377,,,
2003,Mississippi State,5,22.4034,,,
2003,Missouri,6,17.6329,,,
2003,NC State,9,13.034,,,
2003,Notre Dame,5,19.6817,,,
2003,Oklahoma,1,23.4861,,,
2003,Oklahoma State,6,17.3367,,,
2003,Oregon,8,14.3485,,,
2003,Penn,11,14.2661,,,
2003,Pittsburgh,2,27.1788,,,
2003,Purdue,9,15.962,,,
2003,Saint Joseph's,7,21.5962,,,
2003,Sam Houston State,15,1.93338,,,
2003,San Diego,13,8.36166,,,
2003,South Carolina St.,16,-8.91754,,,
2003,Southern Illinois,11,11.8425,,,
2003,Stanford,4,14.8974,,,
2003,Syracuse,3,19.9564,,,
2003,Texas,1,23.3866,,,
2003,Texas Southern,16,-9.73895,,,
2003,Troy St.,14,6.29692,,,
2003,Tulsa,13,11.4437,,,
2003,UNC Asheville,16,-13.3682,,,
2003,UNC Wilmington,11,14.4278,,,
2003,Utah,9,14.8447,,,
2003,Utah State,15,6.73911,,,
2003,Vermont,16,1.8376,,,
2003,Wagner,15,-1.04621,,,
2003,Wake Forest,2,20.8361,,,
2003,Weber State,12,8.7425,,,
2003,Western Kentucky,13,11.5715,,,
2003,Wisconsin,5,22.3863,,,
2003,Xavier,3,20.8379,,,
2004,Air Force,11,16.1376,,,
2004,Alabama,8,16.4613,,,
2004,Alabama State,16,-10.6902,,,
2004,Arizona,9,16.6199,,,
2004,BYU,12,16.3472,,,
2004,Boston College,6,14.6068,,,
2004,Charlotte,9,14.6558,,,
2004,Cincinnati,4,23.8562,,,
2004,UConn,2,25.8489,,,
2004,Dayton,10,9.7763,,,
2004,DePaul,7,11.8121,,,
2004,Duke,1,31.7279,,,
2004,East Tennessee St.,13,8.12644,,,
2004,Eastern Washington,15,3.42788,,,
2004,Florida,5,19.9244,,,
2004,Florida A&M,16,-10.7325,,,
2004,Georgia Tech,3,24.8537,,,
2004,Gonzaga,2,26.7299,,,
2004,Illinois,5,19.1845,,,
2004,Illinois Chicago,13,10.8768,,,
2004,Kansas,4,18.1966,,,
2004,Kentucky,1,24.6321,,,
2004,Lehigh,16,-5.7816,,,
2004,Liberty,16,-2.70715,,,
2004,Louisiana Lafayette,14,10.4304,,,
2004,Louisville,10,21.6473,,,
2004,Manhattan,12,11.6168,,,
2004,Maryland,4,20.2142,,,
2004,Memphis,7,15.9997,,,
2004,Michigan State,7,14.9366,,,
2004,Mississippi State,2,22.6715,,,
2004,Monmouth,15,-3.56253,,,
2004,Murray State,12,11.6398,,,
2004,Nevada,10,18.8308,,,
2004,North Carolina,6,23.0232,,,
2004,NC State,3,24.3286,,,
2004,Northern Iowa,14,8.4316,,,
2004,Oklahoma State,2,24.7896,,,
2004,Pacific,12,8.74172,,,
2004,Pittsburgh,3,26.1303,,,
2004,Princeton,14,5.49455,,,
2004,Providence,5,18.6645,,,
2004,Richmond,11,15.0585,,,
2004,Saint Joseph's,1,27.8057,,,
2004,Seton Hall,8,17.629,,,
2004,South Carolina,10,16.596,,,
2004,Southern Illinois,9,14.3539,,,
2004,Stanford,1,23.0568,,,
2004,Syracuse,5,15.6907,,,
2004,Texas,3,20.3341,,,
2004,Texas Tech,8,16.0926,,,
2004,UAB,9,14.4594,,,
2004,UCF,14,5.82918,,,
2004,UTEP,13,14.5091,,,
2004,UT San Antonio,16,-7.53956,,,
2004,Utah,11,14.839,,,
2004,VCU,13,8.73412,,,
2004,Valparaiso,15,0.881225,,,
2004,Vanderbilt,6,18.9602,,,
2004,Vermont,15,-1.29931,,,
2004,Wake Forest,4,22.3686,,,
2004,Washington,8,11.1048,,,
2004,Western Michigan,11,17.4602,,,
2004,Wisconsin,6,24.6539,,,
2004,Xavier,7,17.837,,,
2005,Alabama,5,21.4752,,,
2005,Alabama A&M,16,-12.2885,,,
2005,Arizona,3,20.6464,,,
2005,Boston College,4,18.0519,,,
2005,Bucknell,14,5.8484,,,
2005,Charlotte,7,12.2743,,,
2005,Chattanooga,15,-0.470586,,,
2005,Cincinnati,7,20.1864,,,
2005,UConn,2,22.7543,,,
2005,Creighton,10,14.4361,,,
2005,Delaware State,16,-5.33826,,,
2005,Duke,1,28.6957,,,
2005,Eastern Kentucky,15,1.35916,,,
2005,Fairleigh Dickinson,16,-3.07905,,,
2005,Florida,4,24.8756,,,
2005,George Washington,12,14.7044,,,
2005,Georgia Tech,5,20.3479,,,
2005,Gonzaga,3,18.4368,,,
2005,Illinois,1,33.3107,,,
2005,Iowa,10,17.8671,,,
2005,Iowa State,9,13.0077,,,
2005,Kansas,3,23.935,,,
2005,Kentucky,2,23.9456,,,
2005,LSU,6,14.5794,,,
2005,Louisiana Lafayette,13,9.65038,,,
2005,Louisville,4,24.7011,,,
2005,Michigan State,5,25.6192,,,
2005,Milwaukee,12,12.9683,,,
2005,Minnesota,8,15.0549,,,
2005,Mississippi State,9,14.4497,,,
2005,Montana,16,-3.00797,,,
2005,Nevada,9,11.6337,,,
2005,New Mexico,12,15.6566,,,
2005,Niagara,14,5.48207,,,
2005,North Carolina,1,32.0028,,,
2005,NC State,10,19.009,,,
2005,Northern Iowa,11,13.3809,,,
2005,Oakland,16,-0.980674,,,
2005,Ohio,13,8.03021,,,
2005,Oklahoma,3,23.6343,,,
2005,Oklahoma State,2,25.7432,,,
2005,Old Dominion,12,10.002,,,
2005,Pacific,8,14.1981,,,
2005,Penn,13,10.2052,,,
2005,Pittsburgh,9,18.8718,,,
2005,Saint Mary's,10,9.81777,,,
2005,Southeastern Louisiana,15,3.15302,,,
2005,Southern Illinois,7,16.5489,,,
2005,Stanford,8,11.907,,,
2005,Syracuse,4,21.3833,,,
2005,Texas,8,17.8724,,,
2005,Texas Tech,6,15.6457,,,
2005,UAB,11,12.3689,,,
2005,UCF,15,-3.33956,,,
2005,UCLA,11,11.4675,,,
2005,UTEP,11,11.7556,,,
2005,Utah,6,20.1555,,,
2005,Utah State,14,20.2874,,,
2005,Vermont,13,13.6451,,,
2005,Villanova,5,23.8126,,,
2005,Wake Forest,2,25.8856,,,
2005,Washington,1,22.6814,,,
2005,West Virginia,7,13.8568,,,
2005,Winthrop,14,5.00565,,,
2005,Wisconsin,6,20.345,,,
2006,Air Force,13,15.2867,,,
2006,Alabama,10,11.0491,,,
2006,Albany,16,2.38435,,,
2006,Arizona,8,15.7758,,,
2006,Arkansas,8,18.107,,,
2006,Belmont,15,0.328042,,,
2006,Boston College,4,18.1943,,,
2006,Bradley,13,16.3566,,,
2006,Bucknell,9,12.6066,,,
2006,California,7,13.3727,,,
2006,UConn,1,25.9129,,,
2006,Davidson,15,4.83337,,,
2006,Duke,1,28.5656,,,
2006,Florida,3,23.9172,,,
2006,George Mason,11,16.5044,,,
2006,George Washington,8,14.89,,,
2006,Georgetown,7,19.7838,,,
2006,Gonzaga,3,14.6999,,,
2006,Hampton,16,-9.77332,,,
2006,Illinois,4,23.7637,,,
2006,Indiana,6,16.6049,,,
2006,Iona,13,11.4947,,,
2006,Iowa,3,19.3097,,,
2006,Kansas,4,24.1225,,,
2006,Kent St.,12,10.9348,,,
2006,Kentucky,8,15.943,,,
2006,LSU,4,20.2666,,,
2006,Marquette,7,15.573,,,
2006,Memphis,1,22.2972,,,
2006,Michigan State,6,17.0338,,,
2006,Milwaukee,11,12.1486,,,
2006,Monmouth,16,-1.88684,,,
2006,Montana,12,8.81599,,,
2006,Murray State,14,8.28998,,,
2006,Nevada,5,16.2837,,,
2006,North Carolina,3,23.2731,,,
2006,NC State,10,16.6834,,,
2006,Northern Iowa,10,16.3692,,,
2006,Northwestern St.,14,7.21097,,,
2006,Ohio State,2,22.7439,,,
2006,Oklahoma,6,14.8143,,,
2006,Oral Roberts,16,6.0496,,,
2006,Pacific,13,11.3464,,,
2006,Penn,15,7.22088,,,
2006,Pittsburgh,5,21.5662,,,
2006,San Diego State,11,13.0107,,,
2006,Seton Hall,10,9.75889,,,
2006,South Alabama,14,9.98002,,,
2006,Southern,16,-3.64127,,,
2006,Southern Illinois,11,14.7533,,,
2006,Syracuse,5,13.3126,,,
2006,Tennessee,2,19.1437,,,
2006,Texas,2,26.3414,,,
2006,Texas A&M,12,15.8005,,,
2006,UAB,9,12.5331,,,
2006,UCLA,2,22.2382,,,
2006,UNC Wilmington,9,14.7547,,,
2006,Utah State,12,11.7478,,,
2006,Villanova,1,25.8328,,,
2006,Washington,5,18.7484,,,
2006,West Virginia,6,17.9911,,,
2006,Wichita State,7,15.4525,,,
2006,Winthrop,15,9.66427,,,
2006,Wisconsin,9,16.4836,,,
2006,Xavier,14,12.9902,,,
2007,Albany,13,3.42522,,,
2007,Arizona,8,19.2093,,,
2007,Arkansas,12,16.8885,,,
2007,BYU,8,15.7494,,,
2007,Belmont,15,4.67153,,,
2007,Boston College,7,15.9057,,,
2007,Butler,5,20.9727,,,
2007,Central Connecticut State,16,-2.02233,,,
2007,Creighton,10,19.1102,,,
2007,Davidson,13,13.6084,,,
2007,Duke,6,23.6432,,,
2007,Eastern Kentucky,16,-2.80238,,,
2007,Florida,1,28.8619,,,
2007,Florida A&M,16,-9.28363,,,
2007,George Washington,11,8.66941,,,
2007,Georgetown,2,28.0911,,,
2007,Georgia Tech,10,19.7464,,,
2007,Gonzaga,10,15.7845,,,
2007,Holy Cross,13,7.65535,,,
2007,Illinois,12,17.6003,,,
2007,Indiana,7,21.0657,,,
2007,Jackson St.,16,-9.31953,,,
2007,Kansas,1,28.2605,,,
2007,Kentucky,8,20.9347,,,
2007,Long Beach State,12,6.37727,,,
2007,Louisville,6,19.4594,,,
2007,Marquette,8,17.8501,,,
2007,Maryland,4,22.3158,,,
2007,Memphis,2,24.8739,,,
2007,Miami (OH),14,8.11199,,,
2007,Michigan State,9,20.769,,,
2007,Nevada,7,16.2229,,,
2007,New Mexico State,13,7.5367,,,
2007,Niagara,16,-2.69168,,,
2007,North Carolina,1,31.7371,,,
2007,North Texas,15,-1.24693,,,
2007,Notre Dame,6,20.7354,,,
2007,Ohio State,1,28.8677,,,
2007,Old Dominion,12,13.2754,,,
2007,Oral Roberts,14,9.03458,,,
2007,Oregon,3,19.7274,,,
2007,Penn,14,8.17781,,,
2007,Pittsburgh,3,22.8504,,,
2007,Purdue,9,17.5977,,,
2007,Southern Illinois,4,20.283,,,
2007,Stanford,11,12.3543,,,
2007,Tennessee,5,16.4443,,,
2007,Texas,4,20.5363,,,
2007,Texas A&M,3,27.3305,,,
2007,Texas A&M-CC,15,7.72391,,,
2007,Texas Tech,10,11.6325,,,
2007,UCLA,2,25.2454,,,
2007,UNLV,7,15.6493,,,
2007,Southern California,5,14.4031,,,
2007,VCU,11,14.3693,,,
2007,Vanderbilt,6,13.6783,,,
2007,Villanova,9,20.6914,,,
2007,Virginia,4,14.2454,,,
2007,Virginia Tech,5,17.9139,,,
2007,Washington State,3,17.8933,,,
2007,Weber State,15,-2.30205,,,
2007,Winthrop,11,14.7077,,,
2007,Wisconsin,2,26.0394,,,
2007,Wright State,14,7.03058,,,
2007,Xavier,9,18.3007,,,
2008,American,15,1.686,6.6,1.5,-1.87
2008,Arizona,10,20.2271,21.3,11.8,14.55
2008,Arkansas,9,14.8678,19.1,10.3,12.48
2008,Austin Peay,15,-0.173098,7.6,1.7,-2.21
2008,BYU,8,16.0675,19.5,9.0,11.82
2008,Baylor,11,15.3717,18.3,8.4,11.46
2008,Belmont,15,2.57916,9.2,3.3,-0.12
2008,Boise State,14,4.12039,10.8,2.6,1.6
2008,Butler,7,19.2975,19.5,13.3,13.0
2008,Cal State Fullerton,14,8.87459,14.3,5.6,5.64
2008,Clemson,5,22.3653,23.3,14.8,18.05
2008,UConn,4,19.1215,21.7,12.6,15.54
2008,Coppin State,16,-14.2405,-4.7,-7.7,-14.51
2008,Cornell,14,5.04434,10.1,4.3,0.76
2008,Davidson,10,20.5532,22.2,16.1,13.93
2008,Drake,5,22.3393,21.4,10.7,14.08
2008,Duke,2,27.6285,28.5,18.9,21.52
2008,George Mason,12,10.2781,13.9,7.1,6.07
2008,Georgetown,2,24.9836,24.8,18.2,18.73
2008,Georgia,14,7.89531,13.2,6.0,7.24
2008,Gonzaga,7,19.3301,22.4,12.2,14.81
2008,Indiana,8,19.5064,22.1,,15.78
2008,Kansas,1,33.9647,32.4,,26.9
2008,Kansas State,11,18.8909,22.1,9.9,15.79
2008,Kent St.,9,13.8274,15.7,8.2,7.47
2008,Kentucky,11,9.70175,15.5,,9.19
2008,Louisville,3,23.198,23.6,16.1,19.0
2008,Marquette,6,21.8442,23.8,14.3,18.62
2008,Memphis,1,29.3779,28.7,20.2,23.73
2008,Miami,7,14.3957,17.7,11.0,12.38
2008,Michigan State,5,20.8814,22.1,13.7,16.32
2008,Mississippi State,8,15.8174,19.4,12.0,13.42
2008,Mississippi Valley St.,16,-14.9674,-4.5,-8.4,-15.28
2008,Mount St. Mary's,16,-1.04085,5.0,0.6,-3.59
2008,North Carolina,1,28.1446,29.5,21.9,24.17
2008,Notre Dame,5,19.1955,21.4,,16.15
2008,Oklahoma,6,15.0751,18.7,,11.97
2008,Oral Roberts,13,11.1323,15.9,6.1,5.71
2008,Oregon,9,16.6554,19.0,10.4,11.68
2008,Pittsburgh,4,19.5116,21.6,13.6,15.62
2008,Portland State,16,5.83665,11.4,3.9,1.72
2008,Purdue,6,18.089,18.7,10.6,13.1
2008,Saint Joseph's,11,14.5658,16.8,,
2008,Saint Mary's,10,15.7105,19.3,9.3,11.39
2008,San Diego,13,4.53284,10.2,2.4,3.39
2008,Siena,13,6.75339,10.8,6.0,4.06
2008,South Alabama,10,12.6239,14.8,6.9,7.76
2008,Stanford,3,23.9361,23.2,14.2,16.31
2008,Temple,12,12.4365,14.9,7.6,8.16
2008,Tennessee,2,22.3372,25.7,16.5,18.41
2008,Texas,2,24.8513,24.8,14.1,18.13
2008,Texas A&M,9,19.6026,22.1,12.5,16.2
2008,UCLA,1,30.5753,28.3,19.3,21.71
2008,UMBC,15,4.10027,9.2,2.7,
2008,UNLV,8,13.6193,17.0,9.3,10.23
2008,Southern California,6,19.9654,20.7,12.3,13.89
2008,UT Arlington,16,-1.99751,7.3,,-2.87
2008,Vanderbilt,4,13.5159,17.7,9.2,10.96
2008,Villanova,12,12.9811,16.2,9.5,11.0
2008,Washington State,4,23.9044,,14.7,16.35
2008,West Virginia,7,20.14,23.4,17.2,17.97
2008,Western Kentucky,12,14.0646,16.7,9.0,9.34
2008,Winthrop,13,7.30673,14.2,6.6,3.61
2008,Wisconsin,3,27.4107,25.7,16.6,19.59
2008,Xavier,3,22.3453,23.6,14.3,17.17
2009,Akron,13,6.9826,12.8,6.7,3.37
2009,Alabama State,16,-2.01623,,-2.0,-6.13
2009,American,14,4.50143,8.3,5.1,-0.05
2009,Arizona,12,16.0133,17.7,7.5,11.88
2009,Arizona State,6,23.4381,22.4,13.5,16.7
2009,BYU,8,21.6562,21.9,10.6,15.12
2009,Binghamton,15,-0.871417,5.4,-0.0,-3.27
2009,Boston College,7,12.1159,16.1,,10.36
2009,Butler,9,16.1506,18.6,11.1,10.07
2009,Cal State Northridge,15,5.11477,10.4,2.5,2.65
2009,California,7,18.2213,19.4,9.7,13.3
2009,Chattanooga,16,-3.84568,5.3,-0.9,-6.25
2009,Clemson,7,20.2938,22.5,14.5,15.56
2009,Cleveland State,13,11.7042,15.3,7.3,6.97
2009,UConn,1,28.0401,26.5,18.6,22.17
2009,Cornell,14,5.49712,11.5,6.1,2.71
2009,Dayton,11,9.41849,13.7,7.7,7.16
2009,Duke,2,25.3284,27.0,18.4,20.1
2009,East Tennessee St.,16,5.09407,,,
2009,Florida St.,5,15.9569,18.2,10.1,11.37
2009,Gonzaga,4,25.9534,26.8,15.4,17.95
2009,Illinois,5,19.0963,20.4,12.9,14.38
2009,Kansas,3,23.1309,24.1,,18.02
2009,LSU,8,14.7097,18.0,10.3,11.87
2009,Louisville,1,25.3676,26.2,17.4,20.87
2009,Marquette,6,20.9824,21.4,12.0,15.06
2009,Maryland,10,13.2883,16.6,,11.1
2009,Memphis,2,29.4398,28.2,18.5,20.92
2009,Michigan,10,14.4984,16.7,9.1,11.9
2009,Michigan State,2,22.7829,22.6,14.9,17.71
2009,Minnesota,10,15.7592,17.1,7.7,11.32
2009,Mississippi State,13,11.8111,15.9,7.6,9.1
2009,Missouri,3,23.484,25.6,15.8,19.56
2009,Morehead State,16,-0.017075,7.6,1.3,-3.14
2009,Morgan St.,15,1.41474,7.1,1.0,-2.29
2009,North Carolina,1,28.5574,30.8,21.5,25.46
2009,North Dakota State,14,12.4256,16.5,9.3,6.18
2009,Northern Iowa,12,9.85203,12.6,5.9,5.63
2009,Ohio State,8,16.4647,18.1,9.8,12.48
2009,Oklahoma,2,23.2882,23.7,,18.07
2009,Oklahoma State,8,17.7655,20.2,11.5,13.78
2009,Pittsburgh,1,29.4777,26.9,18.1,21.21
2009,Portland State,13,4.85027,10.2,4.3,1.14
2009,Purdue,5,21.9637,22.0,13.8,16.44
2009,Radford,16,-0.465293,8.5,0.1,-4.55
2009,Robert Morris,15,1.5095,7.6,3.7,-0.7
2009,Siena,9,11.6737,14.9,8.1,8.05
2009,Stephen F. Austin,14,6.73718,,6.3,1.1
2009,Syracuse,3,21.693,22.6,14.0,17.24
2009,Temple,11,14.3226,16.9,9.9,9.05
2009,Tennessee,9,16.5817,20.8,13.0,13.6
2009,Texas,7,18.5075,20.6,11.8,14.83
2009,Texas A&M,9,14.3716,16.7,8.4,10.52
2009,UCLA,6,25.1136,24.9,13.8,18.64
2009,Southern California,10,17.6587,19.4,10.1,14.09
2009,Utah,5,19.0381,19.3,7.2,12.59
2009,Utah,5,19.0381,19.3,1.0,12.59
2009,Utah State,11,15.293,16.6,7.4,9.33
2009,VCU,11,12.7601,15.2,9.5,7.7
2009,Villanova,3,21.7081,22.0,15.9,17.45
2009,Wake Forest,4,20.299,22.9,13.5,15.63
2009,Washington,4,21.9358,22.3,11.9,16.78
2009,West Virginia,6,25.031,25.3,16.6,18.57
2009,Western Kentucky,12,7.03093,11.3,5.1,3.68
2009,Wisconsin,12,17.9651,18.5,11.0,12.43
2009,Xavier,4,19.0951,20.6,13.7,14.45
2010,Arkansas Pine Bluff,16,-7.91476,2.8,-2.0,-8.29
2010,BYU,7,24.4842,27.2,14.9,18.82
2010,Baylor,3,23.4007,24.8,16.5,17.97
2010,Butler,5,20.0295,20.9,12.8,14.37
2010,California,8,22.2322,23.9,12.4,17.29
2010,Clemson,7,19.633,23.9,13.8,15.71
2010,Cornell,12,13.552,16.7,10.9,8.76
2010,Duke,1,31.5489,32.3,22.5,25.21
2010,East Tennessee St.,16,2.40771,,,
2010,Florida,10,14.9939,19.3,11.2,11.89
2010,Florida St.,9,18.605,22.5,13.7,14.64
2010,Georgetown,3,24.2828,24.2,15.0,17.03
2010,Georgia Tech,10,18.0357,21.9,,14.11
2010,Gonzaga,8,16.7934,20.4,9.5,12.11
2010,Houston,13,9.30246,14.9,6.1,6.74
2010,Kansas,1,32.5121,32.6,,24.68
2010,Kansas State,2,24.9367,26.0,15.2,19.88
2010,Kentucky,1,24.9097,27.1,,21.13
2010,Lehigh,16,-1.45422,5.2,0.0,-3.33
2010,Louisville,9,17.834,21.2,12.6,14.08
2010,Marquette,6,20.4947,22.2,12.8,15.17
2010,Maryland,4,22.7026,25.7,,17.75
2010,Michigan State,5,20.2975,23.3,12.5,15.33
2010,Minnesota,11,18.7481,23.5,13.4,15.64
2010,Missouri,10,19.6787,24.4,14.4,17.39
2010,Montana,14,8.50753,14.0,5.7,3.93
2010,Morgan St.,15,1.90682,9.4,3.3,-1.18
2010,Murray State,13,14.5856,19.8,11.4,8.69
2010,New Mexico,3,17.3849,20.7,10.3,12.49
2010,New Mexico State,12,6.12172,10.5,2.3,2.06
2010,North Texas,15,-0.358811,7.8,-0.2,-2.49
2010,Northern Iowa,9,18.2648,18.5,10.8,12.03
2010,Notre Dame,6,18.3693,19.5,,13.14
2010,Oakland,14,3.71824,12.3,4.3,-0.64
2010,Ohio,14,7.35379,13.0,4.9,4.56
2010,Ohio State,2,25.4713,25.5,17.2,19.49
2010,Oklahoma State,7,16.5333,19.8,10.1,12.34
2010,Old Dominion,11,17.6423,19.6,12.0,11.39
2010,Pittsburgh,3,18.7753,20.6,12.7,14.3
2010,Purdue,4,22.5959,24.3,15.4,17.52
2010,Richmond,7,15.2274,17.8,10.5,10.03
2010,Robert Morris,15,-1.83054,5.1,0.4,-3.71
2010,Saint Mary's,10,19.4058,21.4,9.6,13.38
2010,Sam Houston State,14,7.06873,,7.1,3.71
2010,San Diego State,11,17.3175,19.9,8.4,11.34
2010,Siena,13,13.9156,16.6,10.0,8.48
2010,Syracuse,1,27.5886,27.9,21.2,21.72
2010,Temple,5,21.0266,20.4,12.5,12.44
2010,Tennessee,6,17.3928,22.7,14.5,16.05
2010,Texas,8,20.6323,25.8,14.5,18.56
2010,Texas A&M,5,20.1487,21.9,11.9,15.24
2010,UC Santa Barbara,15,2.37748,,2.1,-0.13
2010,UNLV,8,17.2431,20.6,11.1,12.57
2010,UTEP,12,17.5793,20.6,10.8,12.66
2010,Utah State,12,21.2893,22.3,13.4,13.62
2010,Vanderbilt,4,17.5253,22.0,13.1,15.24
2010,Vermont,16,3.12414,9.0,3.3,-1.26
2010,Villanova,2,22.9755,24.2,15.9,16.72
2010,Wake Forest,9,14.8954,19.9,9.9,11.45
2010,Washington,11,17.9107,22.7,12.2,15.64
2010,West Virginia,2,25.7322,25.2,18.8,19.16
2010,Winthrop,16,-4.11173,5.4,-1.6,-8.68
2010,Wisconsin,4,25.564,25.7,16.5,17.84
2010,Wofford,13,9.42513,13.7,7.2,4.43
2010,Xavier,6,19.8256,22.9,14.2,16.23
2011,Akron,15,3.75741,11.2,3.7,2.15
2011,Alabama State,16,-13.0699,,-6.8,-13.37
2011,Arizona,5,18.8834,22.5,13.5,16.54
2011,Arkansas Little Rock,16,-4.48952,,,-4.32
2011,BYU,3,23.4657,26.8,15.1,18.65
2011,Belmont,13,18.9677,23.2,14.0,13.07
2011,Boston University,16,-0.385171,6.0,,-2.48
2011,Bucknell,14,7.57974,11.7,4.2,2.39
2011,Butler,8,14.9935,19.0,10.4,11.53
2011,Cincinnati,6,19.6039,21.9,11.6,15.41
2011,Clemson,12,17.4409,20.4,11.1,13.76
2011,UConn,3,21.703,22.8,12.5,17.95
2011,Duke,1,29.5475,31.1,19.8,24.51
2011,Florida,2,19.5245,23.2,15.6,16.27
2011,Florida St.,10,14.9701,20.1,10.9,13.48
2011,George Mason,8,18.3096,20.0,11.8,11.66
2011,Georgetown,6,18.9952,22.3,12.4,14.61
2011,Georgia,10,11.9637,17.5,10.0,10.43
2011,Gonzaga,11,16.5087,21.2,10.5,13.86
2011,Hampton,16,-3.79341,5.7,-2.1,-5.2
2011,Illinois,9,19.5782,22.7,12.9,16.72
2011,Indiana State,14,4.62225,11.7,4.4,3.41
2011,Kansas,1,28.7018,31.6,,24.1
2011,Kansas State,5,17.4393,21.7,11.4,14.59
2011,Kentucky,4,25.2715,26.9,,20.3
2011,LIU,15,5.37973,10.9,3.9,2.23
2011,Louisville,4,22.87,25.0,14.6,18.6
2011,Marquette,11,18.1301,21.4,11.7,14.89
2011,Memphis,12,6.96184,15.0,7.3,6.91
2011,Michigan,8,15.4164,18.9,9.7,14.21
2011,Michigan State,10,14.7956,19.8,10.3,13.7
2011,Missouri,11,16.559,22.3,12.2,14.77
2011,Morehead State,13,6.79253,14.3,5.8,2.81
2011,North Carolina,2,21.5431,25.5,16.0,18.87
2011,Northern Colorado,15,4.58447,,2.5,1.39
2011,Notre Dame,2,24.6542,24.7,,18.17
2011,Oakland,13,12.9371,17.8,7.5,8.28
2011,Ohio State,1,32.232,31.6,21.8,25.84
2011,Old Dominion,9,14.251,16.7,10.2,9.03
2011,Penn State,10,14.4209,17.6,8.0,11.98
2011,Pittsburgh,1,27.4261,26.9,19.0,20.82
2011,Princeton,13,8.81724,12.4,5.2,3.71
2011,Purdue,3,25.6115,26.5,18.2,19.36
2011,Richmond,12,15.5729,18.2,10.5,11.23
2011,Saint Peter's,14,3.24183,8.9,2.2,-0.28
2011,San Diego State,2,25.6096,25.6,16.1,17.96
2011,St. John's,6,16.8263,19.7,9.4,
2011,Syracuse,3,22.6298,24.7,15.4,18.85
2011,Temple,7,16.988,19.6,11.1,12.35
2011,Tennessee,9,13.3636,18.6,9.6,11.08
2011,Texas,4,26.7252,27.9,16.5,20.82
2011,Texas A&M,7,15.3838,20.3,10.3,12.62
2011,UAB,12,12.5184,17.3,7.9,8.55
2011,UC Santa Barbara,15,4.10161,,1.6,1.22
2011,UCLA,7,13.7419,18.2,7.3,11.7
2011,UNC Asheville,16,2.393,11.2,1.7,-0.69
2011,UNLV,8,18.7696,22.6,12.7,14.67
2011,Southern California,11,14.3669,18.8,8.7,11.52
2011,UT San Antonio,16,-5.19344,5.8,-3.0,-5.8
2011,Utah State,12,20.1997,22.5,11.9,13.23
2011,VCU,11,8.74997,14.0,9.1,8.56
2011,Vanderbilt,5,17.437,22.3,13.5,15.1
2011,Villanova,9,18.299,21.5,12.7,15.05
2011,Washington,7,22.2141,26.9,14.0,20.12
2011,West Virginia,5,20.1684,22.6,13.9,16.15
2011,Wisconsin,4,25.5977,25.2,16.2,18.77
2011,Wofford,14,7.57016,13.4,6.2,4.35
2011,Xavier,6,16.5395,19.4,10.8,11.88
2012,Alabama,9,16.6596,15.7,11.9,13.76
2012,BYU,14,12.9336,13.8,9.7,11.25
2012,Baylor,3,21.4193,18.9,13.7,16.54
2012,Belmont,14,17.6692,16.5,12.0,11.81
2012,California,12,16.549,15.7,10.9,13.79
2012,Cincinnati,6,15.1423,14.7,10.1,12.93
2012,Colorado,11,8.34556,10.0,5.5,7.91
2012,Colorado State,11,9.50647,,,6.58
2012,UConn,9,15.0185,14.9,9.8,12.27
2012,Creighton,8,17.0818,15.7,10.3,12.92
2012,Davidson,13,10.6934,12.2,8.2,7.26
2012,Detroit Mercy,15,5.50243,6.6,3.4,2.4
2012,Duke,2,20.8659,20.1,15.9,17.05
2012,Florida,7,20.2909,19.3,16.1,18.25
2012,Florida St.,3,17.9858,16.9,12.6,14.53
2012,Georgetown,3,20.3352,18.3,14.6,16.81
2012,Gonzaga,7,17.0149,15.5,11.6,13.86
2012,Harvard,12,14.756,12.8,8.2,7.84
2012,Indiana,4,22.5388,21.0,,18.63
2012,Iona,14,12.3492,13.6,9.9,8.36
2012,Iowa State,8,16.4561,15.1,10.0,13.32
2012,Kansas,2,26.918,23.5,,21.72
2012,Kansas State,8,18.2953,17.0,11.5,14.47
2012,Kentucky,1,31.7277,26.7,,24.73
2012,LIU,16,0.542871,4.9,1.7,-1.34
2012,Lamar,16,7.476,7.5,4.7,2.41
2012,Lehigh,15,8.90823,10.0,6.5,4.27
2012,Long Beach State,12,15.6363,13.1,9.5,9.52
2012,Louisville,4,18.8157,17.4,13.5,16.19
2012,Loyola MD,15,3.6774,5.8,3.0,0.37
2012,Marquette,3,19.3365,18.8,14.8,16.92
2012,Memphis,8,22.5554,19.3,15.3,16.86
2012,Michigan,4,18.1066,15.6,11.0,13.19
2012,Michigan State,1,28.8179,23.7,18.3,21.32
2012,Mississippi Valley St.,16,-6.3745,-2.0,-3.3,-8.03
2012,Missouri,2,26.6802,22.5,16.2,19.77
2012,Montana,13,7.87347,7.9,5.1,4.55
2012,Murray State,6,15.069,11.8,7.6,8.74
2012,New Mexico,5,19.9522,18.3,14.1,15.6
2012,New Mexico State,13,11.6518,10.7,6.9,8.73
2012,Norfolk State,15,-2.44646,0.2,-1.3,-3.68
2012,North Carolina,1,26.2727,24.5,17.6,21.34
2012,NC State,11,13.1406,13.7,9.6,12.1
2012,Notre Dame,7,14.2112,13.7,,11.18
2012,Ohio,13,10.7829,10.4,7.4,7.17
2012,Ohio State,2,29.9016,26.1,20.3,23.95
2012,Purdue,10,15.9933,16.1,12.2,13.88
2012,Saint Louis,9,20.5785,17.0,12.7,15.15
2012,Saint Mary's,7,15.5262,14.3,11.2,11.26
2012,San Diego State,6,12.4935,11.7,6.7,9.04
2012,South Dakota State,14,11.7129,11.3,6.9,7.34
2012,South Florida,12,11.4773,11.0,6.7,9.2
2012,Southern Miss,9,11.2651,10.5,7.5,
2012,St. Bonaventure,14,11.5887,11.5,7.6,8.25
2012,Syracuse,1,25.5085,23.0,20.1,21.12
2012,Temple,5,15.5352,14.7,10.0,10.44
2012,Texas,11,16.5122,16.2,11.0,14.0
2012,UNC Asheville,16,4.96548,8.2,5.6,3.06
2012,UNLV,6,16.0655,16.2,10.7,13.55
2012,VCU,12,12.6331,12.2,8.8,8.79
2012,Vanderbilt,5,20.3275,17.2,13.5,15.71
2012,Vermont,16,4.2234,6.2,3.7,0.98
2012,Virginia,10,17.3633,15.7,11.2,12.51
2012,West Virginia,10,14.5249,14.7,10.1,12.13
2012,Western Kentucky,16,-2.83435,0.6,-2.7,-2.66
2012,Wichita State,5,23.2362,20.1,15.2,17.42
2012,Wisconsin,4,23.2991,20.8,17.1,19.04
2012,Xavier,10,11.6059,12.3,8.1,9.59
2013,Akron,12,13.7427,8.8,8.6,8.12
2013,Albany,15,1.15535,-0.4,1.7,-0.86
2013,Arizona,6,20.5305,14.7,15.6,17.31
2013,Belmont,11,15.7507,11.6,10.8,10.41
2013,Boise State,13,15.1001,9.2,9.7,9.38
2013,Bucknell,11,13.4434,7.3,8.6,6.96
2013,Butler,6,14.8086,9.2,10.1,11.01
2013,California,12,12.7298,8.5,10.7,10.59
2013,Cincinnati,10,15.5856,12.2,11.8,14.47
2013,Colorado,10,14.7956,9.5,7.5,11.91
2013,Colorado State,8,20.1795,,,13.6
2013,Creighton,7,22.2247,15.0,13.9,16.43
2013,Davidson,14,11.1711,8.9,10.4,7.3
2013,Duke,2,26.724,19.0,20.2,21.46
2013,Florida,3,31.9831,22.9,21.2,23.88
2013,Florida Gulf Coast,15,3.35293,,4.0,3.01
2013,Georgetown,2,22.1624,14.0,14.5,15.86
2013,Gonzaga,1,28.9467,18.8,16.8,20.44
2013,Harvard,14,6.90592,3.6,2.9,3.96
2013,Illinois,7,15.1395,10.5,8.8,13.18
2013,Indiana,1,29.9242,22.4,,24.92
2013,Iona,15,7.85234,5.2,6.1,4.06
2013,Iowa State,10,16.2941,12.6,11.5,14.5
2013,James Madison,16,-1.67462,,-1.3,-1.67
2013,Kansas,1,25.4211,19.0,,20.79
2013,Kansas State,4,18.2582,13.3,11.3,13.54
2013,LIU,16,-1.37364,-0.4,-0.1,-3.19
2013,La Salle,13,13.3018,9.6,9.0,10.15
2013,Liberty,16,-9.51521,-7.3,-5.5,-9.11
2013,Louisville,1,31.1411,21.3,21.0,24.82
2013,Marquette,3,18.6549,12.9,12.1,14.05
2013,Memphis,6,16.6993,12.2,10.8,12.28
2013,Miami,2,22.2852,14.8,14.4,16.98
2013,Michigan,4,24.9907,16.3,16.7,21.29
2013,Michigan State,3,23.2393,15.7,14.1,18.63
2013,Middle Tennessee,11,15.5372,11.5,13.4,11.18
2013,Minnesota,11,19.1442,13.9,14.0,16.84
2013,Mississippi,12,16.5223,,,
2013,Missouri,9,19.2225,14.4,13.5,15.42
2013,Montana,13,2.71159,1.1,1.5,-1.19
2013,New Mexico,3,20.7068,12.8,10.5,13.24
2013,New Mexico State,13,8.84441,5.4,4.2,5.09
2013,North Carolina,8,17.1634,13.8,11.3,14.57
2013,North Carolina A&T,16,-5.32804,-4.9,-2.2,-6.93
2013,NC State,8,17.4046,12.7,11.4,14.34
2013,Northwestern St.,14,3.18756,1.7,2.9,0.39
2013,Notre Dame,7,17.4382,12.2,,13.76
2013,Ohio State,2,25.1682,17.4,16.4,20.19
2013,Oklahoma,10,14.3172,10.6,,11.4
2013,Oklahoma State,5,19.4182,13.5,11.3,15.57
2013,Oregon,12,14.8613,10.2,10.0,13.78
2013,Pacific,15,5.53976,1.8,3.0,1.67
2013,Pittsburgh,8,25.1014,17.1,17.6,18.84
2013,Saint Louis,4,20.269,13.0,11.0,14.35
2013,Saint Mary's,11,18.9259,12.2,12.4,14.46
2013,San Diego State,7,18.5799,11.2,11.1,12.95
2013,South Dakota State,13,7.16609,4.4,5.8,2.35
2013,Southern,16,-0.292737,-1.8,1.6,-2.62
2013,Syracuse,4,22.5652,16.7,15.9,20.3
2013,Temple,9,11.9609,8.4,8.2,9.54
2013,UCLA,6,15.1624,11.6,8.1,12.82
2013,UNLV,5,17.2254,12.0,11.1,12.81
2013,VCU,5,19.3295,15.1,15.0,16.97
2013,Valparaiso,14,11.9193,6.7,7.3,7.15
2013,Villanova,9,13.6158,8.8,8.1,10.75
2013,Western Kentucky,16,-0.965895,-0.8,0.8,-0.63
2013,Wichita State,9,17.3895,11.8,12.1,14.68
2013,Wisconsin,5,23.008,16.7,16.1,18.76
2014,Albany,16,-1.71363,-1.4,0.1,-3.31
2014,American,15,5.87548,2.3,2.6,0.69
2014,Arizona,1,30.3964,20.5,17.7,23.36
2014,Arizona State,10,15.3941,11.0,11.0,13.32
2014,BYU,10,14.7544,10.2,8.4,11.63
2014,Baylor,6,17.8854,12.2,11.4,15.8
2014,Cal Poly,16,-0.599368,-0.4,,-1.34
2014,Cincinnati,5,19.0788,13.5,12.8,15.26
2014,Coastal Carolina,16,-5.97261,-3.2,-0.7,-5.21
2014,Colorado,8,12.4727,9.3,7.0,10.8
2014,UConn,7,19.1162,14.6,12.9,17.23
2014,Creighton,3,24.7882,17.4,15.4,18.03
2014,Dayton,11,12.9838,8.6,9.1,10.55
2014,Delaware,13,5.78601,4.6,4.9,2.73
2014,Duke,3,25.3098,18.9,18.8,19.51
2014,Eastern Kentucky,15,3.01993,3.0,4.5,0.6
2014,Florida,1,27.8106,19.0,19.2,20.69
2014,George Washington,9,14.2297,,,10.6
2014,Gonzaga,8,20.6386,14.2,13.0,15.56
2014,Harvard,12,17.3178,11.8,12.1,10.79
2014,Iowa,11,21.0299,16.9,14.3,18.58
2014,Iowa State,3,20.9515,14.9,13.3,18.52
2014,Kansas,2,25.4011,18.4,,20.25
2014,Kansas State,9,14.3949,9.3,9.1,12.14
2014,Kentucky,8,21.1505,16.2,,18.07
2014,Louisiana Lafayette,14,5.08877,,,
2014,Louisville,4,30.5677,23.4,20.1,24.69
2014,Manhattan,13,9.55527,6.0,7.4,6.04
2014,Massachusetts,6,14.1875,,,10.61
2014,Memphis,8,14.9304,11.9,10.7,13.02
2014,Mercer,14,7.46633,6.2,7.3,5.33
2014,Michigan,2,22.7757,16.9,15.8,18.52
2014,Michigan State,4,23.7886,17.7,15.4,19.35
2014,Milwaukee,15,0.3633,-0.7,1.4,-1.53
2014,Mount St. Mary's,16,-3.75021,-3.8,-3.3,-6.32
2014,Nebraska,11,13.1363,7.9,6.5,10.13
2014,New Mexico,7,17.5475,11.9,9.5,12.72
2014,New Mexico State,13,10.6331,6.8,7.6,6.16
2014,North Carolina,6,18.3881,13.9,12.7,15.24
2014,North Carolina Central,14,8.29208,6.1,7.4,3.97
2014,NC State,12,10.5467,7.0,6.9,9.02
2014,North Dakota State,12,12.5832,8.6,9.6,6.31
2014,Ohio State,6,21.6743,16.4,14.1,17.84
2014,Oklahoma,5,18.4058,11.1,,14.91
2014,Oklahoma State,9,21.5328,16.7,14.5,19.02
2014,Oregon,7,18.783,13.2,12.0,15.75
2014,Pittsburgh,9,21.5198,15.0,15.7,17.46
2014,Providence,11,14.7367,10.5,9.2,11.37
2014,Saint Joseph's,10,13.0273,7.7,,
2014,Saint Louis,5,15.792,10.9,10.1,11.63
2014,San Diego State,4,19.8236,13.5,13.8,14.95
2014,Stanford,10,15.9959,11.6,8.0,13.42
2014,Stephen F. Austin,12,10.7884,,6.2,4.82
2014,Syracuse,3,21.5042,14.2,14.6,16.05
2014,Tennessee,11,21.7438,14.1,14.8,17.34
2014,Texas,7,14.9889,9.2,8.8,12.67
2014,Texas Southern,16,-6.75033,-5.6,-2.3,-8.41
2014,Tulsa,13,9.33939,5.5,5.1,6.23
2014,UCLA,4,22.2575,15.8,14.1,18.4
2014,VCU,5,20.2135,14.4,13.8,14.55
2014,Villanova,2,25.2627,17.8,16.2,18.97
2014,Virginia,1,26.4285,16.5,16.4,18.38
2014,Weber State,16,-0.49027,1.4,3.5,-0.92
2014,Western Michigan,14,4.41973,2.4,3.9,1.73
2014,Wichita State,1,25.1804,15.1,14.9,16.65
2014,Wisconsin,2,23.8262,17.1,15.8,19.69
2014,Wofford,15,-2.02301,-0.9,0.5,-4.32
2014,Xavier,12,15.0151,10.9,9.9,11.84
2015,Albany,14,3.03231,0.8,3.7,-0.34
2015,Arizona,2,32.3143,22.3,19.6,24.33
2015,Arkansas,5,16.9767,12.4,10.4,14.07
2015,BYU,11,17.7947,12.3,10.5,13.53
2015,Baylor,3,23.4796,14.8,13.9,17.85
2015,Belmont,15,1.49515,1.8,3.1,0.35
2015,Boise State,11,13.9824,9.2,8.7,10.01
2015,Buffalo,12,12.339,7.4,7.8,7.93
2015,Butler,6,19.6267,12.9,13.8,16.64
2015,Cincinnati,8,14.2488,9.1,9.5,10.72
2015,Coastal Carolina,16,1.6211,1.4,3.8,-1.02
2015,Davidson,10,16.8188,10.6,10.7,11.97
2015,Dayton,11,13.8856,9.0,9.8,10.98
2015,Duke,1,29.3074,21.8,23.9,24.97
2015,Eastern Washington,13,2.96737,1.3,4.0,0.79
2015,Georgetown,4,19.5694,12.6,11.5,15.48
2015,Georgia,10,15.3937,10.0,9.5,12.42
2015,Georgia State,14,9.77537,6.8,8.1,5.47
2015,Gonzaga,2,28.9239,19.4,17.8,21.12
2015,Hampton,16,-8.51136,-5.2,-2.8,-8.25
2015,Harvard,13,8.74154,5.5,6.8,4.47
2015,Indiana,10,13.8074,10.8,,12.94
2015,Iowa,7,18.251,13.4,13.7,15.83
2015,Iowa State,3,23.031,16.4,15.8,17.94
2015,Kansas,2,23.7421,17.0,,18.47
2015,Kentucky,1,37.4333,25.8,,28.72
2015,LSU,9,13.9432,8.9,8.2,11.39
2015,Lafayette,16,-1.75874,-0.9,0.5,-3.37
2015,Louisville,4,20.4245,16.5,16.2,18.12
2015,Manhattan,16,0.742583,0.9,2.2,-1.34
2015,Maryland,4,16.1924,12.0,,13.32
2015,Michigan State,7,20.9213,15.3,14.8,17.46
2015,Mississippi,11,14.4267,,,
2015,New Mexico State,15,7.0055,4.0,5.2,3.71
2015,North Carolina,4,23.7959,18.6,19.3,20.63
2015,NC State,8,15.3629,11.2,12.0,14.11
2015,North Dakota State,15,0.601364,-1.1,-0.2,-1.72
2015,North Florida,16,2.91181,1.1,3.9,-0.82
2015,Northeastern,14,4.82045,2.9,,2.03
2015,Northern Iowa,5,20.9503,11.5,12.8,12.54
2015,Notre Dame,3,24.0703,15.7,,19.23
2015,Ohio State,10,21.0066,17.9,16.4,19.68
2015,Oklahoma,3,24.1001,16.7,,18.65
2015,Oklahoma State,9,16.1789,11.1,10.0,12.95
2015,Oregon,8,13.1844,8.5,4.2,11.43
2015,Providence,6,17.5673,10.8,11.8,13.71
2015,Purdue,9,13.9802,10.7,10.4,12.93
2015,Robert Morris,16,-1.54229,-2.0,0.3,-3.02
2015,SMU,6,18.0372,11.1,10.3,12.94
2015,San Diego State,8,16.2186,10.6,8.1,11.81
2015,St. John's,9,14.3233,8.7,9.7,
2015,Stephen F. Austin,12,14.0106,,9.7,8.61
2015,Texas,11,20.1184,14.7,13.7,16.16
2015,Texas Southern,15,-3.8688,-3.4,-2.0,-5.98
2015,UAB,14,2.82779,-0.1,1.7,1.94
2015,UC Irvine,13,6.85898,4.2,6.0,3.63
2015,UCLA,11,14.1346,9.7,5.7,12.07
2015,Utah,5,26.9035,17.8,16.3,20.98
2015,Utah,5,26.9035,17.8,0.0,20.98
2015,VCU,7,16.5157,11.6,13.6,12.79
2015,Valparaiso,13,10.9697,4.9,6.2,6.29
2015,Villanova,1,30.9562,20.3,19.6,23.13
2015,Virginia,2,30.8885,19.8,21.7,21.73
2015,West Virginia,5,18.7531,13.3,12.5,15.12
2015,Wichita State,7,21.6555,14.1,14.4,15.56
2015,Wisconsin,1,33.5251,22.2,22.4,24.61
2015,Wofford,12,6.39782,3.5,5.0,2.56
2015,Wyoming,12,6.40364,3.6,4.0,3.81
2015,Xavier,6,18.6517,11.8,9.9,15.42
2016,Arizona,6,21.8831,16.4,15.8,18.79
2016,Arkansas Little Rock,12,13.3265,,,7.12
2016,Austin Peay,16,-5.09934,-5.1,-2.3,-6.04
2016,Baylor,5,19.9152,14.0,12.9,16.13
2016,Buffalo,14,2.71119,2.3,2.8,1.34
2016,Butler,9,15.8497,13.8,13.0,16.46
2016,Cal State Bakersfield,15,6.49871,1.2,3.3,2.58
2016,California,4,19.6396,13.3,12.8,15.39
2016,Chattanooga,12,7.41784,4.2,4.8,3.24
2016,Cincinnati,9,17.1593,13.6,13.5,15.19
2016,Colorado,8,13.5905,8.8,9.6,12.04
2016,UConn,9,18.752,13.9,14.8,15.89
2016,Dayton,7,13.3434,10.1,9.8,11.34
2016,Duke,4,22.0532,17.6,16.2,19.23
2016,Fairleigh Dickinson,16,-9.74686,-7.0,-5.2,
2016,Florida Gulf Coast,16,-1.39023,,-0.0,-0.79
2016,Fresno State,14,6.69862,,3.6,5.27
2016,Gonzaga,11,19.2756,14.7,13.0,16.92
2016,Green Bay,14,3.98885,2.3,,1.16
2016,Hampton,16,-6.80879,-6.0,-4.5,-8.74
2016,Hawaii,13,11.736,,4.2,9.03
2016,Holy Cross,16,-11.4879,-7.0,,-11.2
2016,Indiana,5,22.7957,17.3,,19.59
2016,Iona,13,7.8333,5.4,4.8,3.59
2016,Iowa,7,21.3563,15.2,13.5,17.01
2016,Iowa State,4,21.0754,14.8,13.3,16.93
2016,Kansas,1,29.804,21.2,,23.87
2016,Kentucky,4,25.1996,17.9,,20.23
2016,Maryland,5,20.7136,15.2,,16.71
2016,Miami,3,22.848,16.2,14.4,18.52
2016,Michigan,11,14.5538,11.9,11.0,13.75
2016,Michigan State,2,29.6807,20.9,18.6,22.59
2016,Middle Tennessee,15,3.93408,1.7,2.0,2.66
2016,North Carolina,1,28.0379,20.4,18.7,23.44
2016,Northern Iowa,11,10.0945,6.7,7.2,8.78
2016,Notre Dame,6,15.9813,12.2,,14.1
2016,Oklahoma,2,24.849,17.8,,19.76
2016,Oregon,1,22.7847,14.1,13.6,18.05
2016,Oregon State,7,12.4371,7.8,7.6,10.39
2016,Pittsburgh,10,16.2013,12.8,13.0,15.47
2016,Providence,9,13.5932,9.5,8.7,11.94
2016,Purdue,5,24.5939,18.2,16.5,20.17
2016,Saint Joseph's,8,14.6358,9.5,,
2016,Seton Hall,6,17.6691,11.6,12.3,14.66
2016,South Dakota State,12,9.58182,5.6,7.3,5.44
2016,Southern,16,-5.31079,-5.5,-2.4,-7.68
2016,Stephen F. Austin,14,14.405,,10.1,9.23
2016,Stony Brook,13,8.53773,8.1,9.5,3.75
2016,Syracuse,10,15.8501,11.1,12.5,14.62
2016,Temple,10,8.34785,5.9,7.1,7.69
2016,Texas,6,17.1061,12.5,10.1,14.8
2016,Texas A&M,3,21.8057,15.6,14.1,18.45
2016,Texas Tech,8,14.7244,9.1,9.4,12.41
2016,Tulsa,11,11.788,8.3,7.9,9.79
2016,UNC Asheville,15,4.21193,2.2,4.1,1.1
2016,UNC Wilmington,13,9.25855,,5.0,6.25
2016,Southern California,8,14.7848,10.4,8.5,13.52
2016,Utah,3,18.1129,13.3,10.7,15.5
2016,Utah,3,18.1129,13.3,6.8,15.5
2016,VCU,10,16.2152,12.6,11.8,13.83
2016,Vanderbilt,11,19.9195,15.4,14.9,17.2
2016,Villanova,2,26.7471,19.0,19.9,24.08
2016,Virginia,1,29.0952,19.4,18.6,22.04
2016,Weber State,15,2.74146,2.1,4.2,0.18
2016,West Virginia,3,25.9146,19.2,17.1,21.61
2016,Wichita State,11,21.1508,14.8,15.6,17.39
2016,Wisconsin,7,16.3651,11.5,10.5,13.4
2016,Xavier,2,21.71,15.5,15.0,18.58
2016,Yale,12,13.8265,9.4,11.8,9.08
2017,Arizona,2,22.7427,16.3,14.8,18.25
2017,Arkansas,8,15.5987,11.2,9.9,14.04
2017,Baylor,3,25.0078,17.0,15.6,19.75
2017,Bucknell,13,8.71601,5.0,6.2,5.89
2017,Butler,4,20.9097,15.5,14.7,17.7
2017,Cincinnati,6,22.3165,16.6,15.1,18.43
2017,Creighton,6,19.5902,15.0,13.9,17.27
2017,Dayton,7,15.6735,11.5,10.7,12.98
2017,Duke,2,25.0887,20.1,17.8,21.56
2017,East Tennessee St.,13,11.4836,,,
2017,Florida,4,26.3891,19.1,18.4,22.4
2017,Florida Gulf Coast,14,5.016,,6.4,2.26
2017,Florida St.,3,22.7426,16.6,14.7,18.87
2017,Gonzaga,1,33.0538,22.8,20.4,25.26
2017,Iona,14,4.00176,3.2,1.8,1.08
2017,Iowa State,5,23.113,16.6,15.0,20.51
2017,Jacksonville State,15,0.583245,,-7.1,-2.85
2017,Kansas,1,25.975,20.1,,23.53
2017,Kansas State,11,17.5538,12.2,10.6,14.8
2017,Kent St.,14,1.73415,1.4,2.0,0.88
2017,Kentucky,2,27.2664,20.6,,23.88
2017,Louisville,2,26.7186,19.7,18.1,22.47
2017,Marquette,10,17.5711,13.3,13.3,15.26
2017,Maryland,6,14.838,11.0,,12.79
2017,Miami,8,16.9602,12.9,12.0,14.48
2017,Michigan,7,22.618,15.2,16.1,18.8
2017,Michigan State,9,14.9753,11.9,10.2,13.67
2017,Middle Tennessee,12,14.6582,8.8,9.8,9.8
2017,Minnesota,5,16.5907,11.8,10.2,14.56
2017,Mount St. Mary's,16,-4.23312,-3.8,-1.0,-4.29
2017,Nevada,12,13.3415,9.8,9.7,10.49
2017,New Mexico State,14,7.31463,4.4,4.5,4.66
2017,New Orleans,16,-0.517773,-3.8,-1.3,-4.1
2017,North Carolina,1,28.0091,21.8,19.4,24.84
2017,North Carolina Central,16,0.961015,-0.8,1.9,-3.18
2017,North Dakota,15,-0.311268,0.2,1.9,-1.83
2017,Northern Kentucky,15,1.33605,-0.3,0.7,-0.17
2017,Northwestern,8,15.511,10.9,,14.02
2017,Notre Dame,5,21.0939,15.1,,17.81
2017,Oklahoma State,10,22.1043,14.6,13.9,19.19
2017,Oregon,3,23.8276,18.2,17.6,20.8
2017,Princeton,12,12.5002,9.0,9.5,6.57
2017,Providence,11,12.8992,9.2,9.4,11.24
2017,Purdue,4,24.2236,18.1,16.8,20.13
2017,Rhode Island,11,15.6156,11.5,10.8,12.88
2017,SMU,6,25.2591,16.2,15.7,18.71
2017,Saint Mary's,7,24.6377,15.8,17.2,16.75
2017,Seton Hall,9,13.9487,10.6,9.6,12.1
2017,South Carolina,7,17.0302,11.7,,17.52
2017,South Dakota State,16,-1.33359,-0.5,-0.2,-2.3
2017,Texas Southern,16,-3.66476,-2.5,-0.2,-6.41
2017,Troy,15,2.67571,1.0,2.8,-0.47
2017,UC Davis,16,-4.75235,-3.2,-1.7,-5.21
2017,UCLA,3,22.9515,18.1,17.4,20.67
2017,UNC Wilmington,12,12.3867,,8.8,8.06
2017,Southern California,11,12.3407,9.3,9.0,11.48
2017,VCU,10,14.3025,11.2,10.2,11.57
2017,Vanderbilt,9,16.2376,11.4,10.4,13.69
2017,Vermont,13,11.8847,7.5,9.7,6.67
2017,Villanova,1,30.7772,22.1,20.3,23.8
2017,Virginia,5,26.6671,19.3,17.5,20.63
2017,Virginia Tech,9,14.9395,11.2,,12.77
2017,Wake Forest,11,17.2722,11.9,12.4,14.19
2017,West Virginia,4,26.7991,20.4,17.7,24.45
2017,Wichita State,10,26.4121,18.0,16.6,21.24
2017,Winthrop,13,4.62694,2.8,4.4,1.34
2017,Wisconsin,8,22.2926,17.2,15.5,19.4
2017,Xavier,11,15.3189,12.8,11.4,14.8
2018,Alabama,9,13.8252,11.2,9.2,12.34
2018,Arizona,4,19.3692,15.3,12.2,15.67
2018,Arizona State,11,14.714,10.5,10.0,14.37
2018,Arkansas,7,15.635,13.1,10.5,14.76
2018,Auburn,4,20.6348,14.9,12.4,15.97
2018,Bucknell,14,6.8137,7.3,6.9,4.49
2018,Buffalo,13,10.4931,6.8,7.2,7.99
2018,Butler,10,17.8667,13.7,12.9,16.92
2018,Cal State Fullerton,15,1.3154,-1.4,-0.0,-0.93
2018,Cincinnati,2,26.9966,19.6,18.5,20.25
2018,Clemson,5,20.2693,14.0,14.2,17.16
2018,College of Charleston,13,4.73418,,,1.83
2018,Creighton,8,17.2792,14.3,12.3,16.35
2018,Davidson,12,14.9051,10.0,11.2,11.02
2018,Duke,2,29.1348,22.0,19.8,24.43
2018,Florida,6,18.7137,15.2,12.2,16.66
2018,Florida St.,9,15.8239,12.3,11.7,15.78
2018,Georgia State,15,7.20921,4.0,5.9,3.22
2018,Gonzaga,4,24.7352,17.5,15.8,18.44
2018,Houston,6,20.5396,14.5,13.8,15.99
2018,Iona,15,2.87263,3.3,3.9,0.75
2018,Kansas,1,23.2388,19.1,,21.39
2018,Kansas State,9,14.7543,11.5,10.0,12.85
2018,Kentucky,5,20.4069,15.4,,17.24
2018,LIU,16,-7.80028,-6.0,-3.3,-8.6
2018,Lipscomb,15,0.363623,0.7,0.5,-2.1
2018,Loyola Chicago,11,15.1402,,10.4,10.37
2018,Marshall,13,5.38402,2.3,3.8,4.21
2018,Miami,6,15.7103,12.4,10.8,12.83
2018,Michigan,3,23.1909,16.3,15.1,19.03
2018,Michigan State,3,26.3461,20.8,17.8,22.41
2018,Missouri,8,15.4717,11.9,9.6,13.81
2018,Montana,14,10.8304,4.6,4.6,6.29
2018,Murray State,12,12.6951,7.4,8.1,6.87
2018,Nevada,7,18.1814,11.9,11.6,14.44
2018,New Mexico State,12,13.5573,8.1,7.6,9.06
2018,North Carolina,2,25.0348,18.6,16.5,20.07
2018,North Carolina Central,16,-12.7366,-8.2,-5.0,-13.18
2018,NC State,9,15.1323,9.8,9.7,12.91
2018,Ohio State,5,21.1094,14.5,14.0,17.67
2018,Oklahoma,10,14.419,12.2,,13.81
2018,Penn,16,3.69539,3.9,5.9,
2018,Providence,10,11.9189,10.0,8.6,11.12
2018,Purdue,2,26.6663,20.8,19.0,23.41
2018,Radford,16,-0.0477779,-1.6,1.0,-2.62
2018,Rhode Island,7,14.3818,12.0,10.7,11.81
2018,San Diego State,11,14.1504,10.1,9.2,12.23
2018,Seton Hall,8,17.3352,13.6,12.1,15.67
2018,South Dakota State,12,10.5907,6.7,6.7,6.84
2018,St. Bonaventure,11,11.1954,8.6,8.8,8.87
2018,Stephen F. Austin,14,5.56289,,4.5,2.66
2018,Syracuse,11,13.5929,9.4,10.2,12.89
2018,TCU,6,18.9201,14.9,12.6,16.38
2018,Tennessee,3,22.1486,15.8,14.7,18.2
2018,Texas,10,15.4577,12.4,10.6,13.96
2018,Texas A&M,7,16.9086,13.1,11.5,15.3
2018,Texas Southern,16,-7.659,-4.9,-2.6,-7.53
2018,Texas Tech,3,21.9424,16.1,15.4,19.38
2018,UCLA,11,14.3834,11.0,9.1,12.07
2018,UMBC,16,-1.9086,-1.4,1.4,
2018,UNC Greensboro,13,9.0562,,6.7,4.54
2018,Villanova,1,31.4091,23.2,22.8,26.64
2018,Virginia,1,32.1527,20.8,20.2,22.2
2018,Virginia Tech,8,16.6388,12.2,,14.35
2018,West Virginia,5,21.7748,17.7,16.1,19.89
2018,Wichita State,4,20.068,16.8,14.4,16.58
2018,Wright State,14,2.81674,1.7,2.7,0.58
2018,Xavier,1,21.6909,16.8,15.1,19.06
2019,Abilene Christian,15,2.08626,0.1,2.4,-1.91
2019,Arizona State,11,11.2091,10.3,8.1,10.28
2019,Auburn,5,23.3317,17.2,17.1,20.84
2019,Baylor,9,15.2935,11.1,10.6,13.38
2019,Belmont,11,13.0739,8.8,10.3,9.12
2019,Bradley,15,-0.358275,0.6,0.6,-0.08
2019,Buffalo,6,20.337,14.3,12.9,15.56
2019,Cincinnati,7,17.0509,12.5,12.7,14.53
2019,Colgate,15,4.2867,1.7,3.2,1.23
2019,Duke,1,31.9925,24.8,21.3,26.9
2019,Fairleigh Dickinson,16,-4.2487,-3.7,-0.8,
2019,Florida,10,18.3239,13.6,12.0,15.42
2019,Florida St.,4,22.5574,16.3,16.4,17.99
2019,Gardner Webb,16,-0.743522,,2.8,-2.61
2019,Georgia State,14,5.59737,4.1,4.5,2.44
2019,Gonzaga,1,32.7887,24.6,23.1,27.79
2019,Houston,3,22.4249,16.2,16.5,18.91
2019,Iona,16,-3.07828,-1.3,-0.1,-4.78
2019,Iowa,10,15.9555,11.8,11.5,14.27
2019,Iowa State,6,21.8472,16.0,15.9,18.07
2019,Kansas,4,20.7051,16.2,,18.35
2019,Kansas State,4,20.2225,14.5,13.4,15.39
2019,Kentucky,2,27.4133,19.6,,21.43
2019,LSU,3,20.9656,14.4,12.9,16.5
2019,Liberty,12,10.8215,4.8,8.7,5.27
2019,Louisville,7,20.9708,15.0,14.3,17.28
2019,Marquette,5,18.4207,14.4,11.8,14.78
2019,Maryland,6,19.9776,14.0,,16.01
2019,Michigan,2,29.4352,19.8,18.3,21.82
2019,Michigan State,2,31.3607,21.6,19.8,24.93
2019,Minnesota,10,14.4575,9.9,8.9,12.52
2019,Mississippi,8,15.0831,,,
2019,Mississippi State,5,20.6776,14.8,14.3,15.96
2019,Montana,15,3.54691,4.6,3.5,1.5
2019,Murray State,12,13.3317,8.9,10.2,8.96
2019,Nevada,7,18.9229,16.7,14.2,16.0
2019,New Mexico State,12,13.588,8.9,8.8,10.05
2019,North Carolina,1,29.171,22.8,18.9,23.94
2019,North Carolina Central,16,-11.8864,-7.2,-4.2,-11.53
2019,North Dakota State,16,-3.19855,-1.9,-0.6,-4.01
2019,Northeastern,13,8.74685,6.8,,3.95
2019,Northern Kentucky,14,6.55918,4.3,5.7,4.67
2019,Ohio State,11,15.0781,11.6,10.5,13.89
2019,Oklahoma,9,15.5345,12.6,,15.3
2019,Old Dominion,14,5.57853,4.4,4.7,3.74
2019,Oregon,12,15.1521,12.0,11.8,13.95
2019,Prairie View A&M,16,-4.30871,,,
2019,Purdue,3,26.0512,18.2,17.8,21.4
2019,Saint Louis,13,6.27254,5.1,5.2,5.06
2019,Saint Mary's,11,17.7106,11.7,10.9,12.58
2019,Seton Hall,10,12.9072,10.2,8.7,10.25
2019,St. John's,11,8.75182,8.7,6.7,
2019,Syracuse,8,16.3,12.9,11.6,13.73
2019,Temple,11,9.3923,7.4,7.1,8.17
2019,Tennessee,2,26.98,20.2,17.4,21.55
2019,Texas Tech,3,26.7476,18.6,18.8,22.79
2019,UC Irvine,13,9.46217,6.8,6.2,5.7
2019,UCF,9,14.5761,10.3,11.6,13.37
2019,Utah State,8,16.6198,11.2,9.5,11.98
2019,VCU,8,15.6895,11.0,10.5,11.96
2019,Vermont,13,8.72064,6.1,8.9,4.88
2019,Villanova,6,18.7745,15.0,12.7,14.33
2019,Virginia,1,35.6552,24.0,23.2,25.46
2019,Virginia Tech,4,24.4696,17.4,,19.28
2019,Washington,9,13.3669,10.6,9.0,12.01
2019,Wisconsin,5,23.675,16.4,14.5,17.9
2019,Wofford,7,20.7146,12.4,14.6,13.92
2019,Yale,14,8.58693,5.8,6.9,5.52
2021,Abilene Christian,14,10.1273,6.0,6.4,6.27
2021,Alabama,2,24.9876,18.0,14.4,19.58
2021,Appalachian State,16,-4.33805,-1.6,0.0,-5.84
2021,Arkansas,3,21.5292,16.2,13.5,17.8
2021,BYU,6,20.9462,13.9,11.1,15.19
2021,Baylor,1,29.4969,23.1,20.7,24.83
2021,Clemson,7,16.1652,12.5,9.9,12.49
2021,Cleveland State,15,1.37289,-2.0,-0.6,-5.12
2021,Colgate,14,10.2223,8.8,9.2,13.66
2021,Colorado,5,21.6816,16.0,13.1,18.88
2021,UConn,7,21.9011,15.2,12.5,15.77
2021,Creighton,5,21.3051,16.9,13.1,16.28
2021,Drake,11,14.6425,8.4,8.2,9.42
2021,Drexel,16,1.6183,0.8,1.5,-0.97
2021,Eastern Washington,14,6.65145,4.6,5.1,4.03
2021,Florida,7,17.5522,13.2,10.9,13.7
2021,Florida St.,4,22.0698,16.7,12.7,17.12
2021,Georgetown,12,14.0569,9.7,7.5,10.13
2021,Georgia Tech,9,18.5494,13.1,,12.79
2021,Gonzaga,1,36.6241,25.9,21.3,27.2
2021,Grand Canyon,15,6.97644,4.5,7.2,5.11
2021,Hartford,16,-2.73095,-2.4,,-3.45
2021,Houston,2,28.8202,19.9,18.3,21.66
2021,Illinois,1,30.6122,21.7,17.6,23.25
2021,Iona,15,-1.03598,-0.1,2.6,-1.2
2021,Iowa,2,28.9031,20.9,17.0,21.4
2021,Kansas,3,21.0313,17.1,,15.29
2021,LSU,8,19.5899,14.6,12.6,15.7
2021,Liberty,13,8.37002,4.6,7.2,4.06
2021,Loyola Chicago,8,23.7539,,13.2,15.12
2021,Maryland,10,18.7175,12.6,,13.94
2021,Michigan,1,30.7915,20.4,17.4,22.0
2021,Michigan State,11,14.0141,10.8,7.5,9.8
2021,Missouri,9,15.15,11.4,9.5,12.37
2021,Morehead State,14,3.89559,0.1,1.0,-0.95
2021,Mount St. Mary's,16,-5.0102,-4.2,-1.2,-5.67
2021,Norfolk State,16,-3.74215,-4.2,-1.9,-6.16
2021,North Carolina,8,20.0876,14.9,12.0,14.79
2021,North Texas,13,11.6975,7.9,7.9,7.58
2021,Ohio,13,11.1142,5.2,5.9,5.48
2021,Ohio State,2,25.4253,17.5,14.2,18.25
2021,Oklahoma,8,16.6439,14.1,,13.52
2021,Oklahoma State,4,18.7671,14.3,10.8,13.65
2021,Oral Roberts,15,1.21622,0.9,2.6,1.73
2021,Oregon,7,17.6799,13.9,11.3,16.15
2021,Oregon State,12,10.1728,7.8,8.3,11.48
2021,Purdue,4,22.2716,15.2,11.7,15.55
2021,Rutgers,10,18.1428,13.0,10.2,14.14
2021,San Diego State,6,21.296,14.5,12.2,14.36
2021,St. Bonaventure,9,20.8204,12.7,11.4,13.44
2021,Syracuse,11,16.2268,12.3,11.1,13.27
2021,Tennessee,5,21.0624,16.5,13.3,16.87
2021,Texas,3,20.5822,16.5,12.4,15.51
2021,Texas Southern,16,-6.05453,-4.0,-0.6,-6.15
2021,Texas Tech,6,20.9465,16.9,14.4,16.59
2021,UC Santa Barbara,12,12.2317,,8.5,7.8
2021,UCLA,11,15.9175,12.6,11.6,16.3
2021,UNC Greensboro,13,8.15332,,6.2,3.48
2021,Southern California,6,22.2245,15.9,14.3,20.5
2021,Utah State,11,16.51,12.1,9.0,10.99
2021,VCU,10,15.9115,10.7,8.5,11.3
2021,Villanova,5,22.6184,17.9,15.1,17.47
2021,Virginia,4,22.6542,16.2,13.9,15.27
2021,Virginia Tech,10,15.2207,12.3,,12.59
2021,West Virginia,3,20.3206,16.2,12.0,15.36
2021,Wichita State,11,11.5469,7.8,5.5,9.36
2021,Winthrop,12,8.93908,5.8,6.5,4.69
2021,Wisconsin,9,22.6545,15.9,13.2,17.22
2022,Akron,13,3.48951,3.5,4.9,0.91
2022,Alabama,6,17.3625,14.1,12.8,14.62
2022,Arizona,1,27.2089,21.5,17.7,22.75
2022,Arkansas,4,19.0214,15.0,13.3,16.27
2022,Auburn,2,24.453,18.6,16.4,19.2
2022,Baylor,1,26.3204,19.6,17.9,21.73
2022,Boise State,8,16.412,10.7,9.1,11.93
2022,Bryant,16,-0.950484,-0.3,0.8,-4.8
2022,Cal State Fullerton,15,2.10306,-0.2,0.6,-0.04
2022,Chattanooga,13,11.2724,6.6,8.5,6.12
2022,Colgate,14,4.21729,4.9,4.2,0.98
2022,Colorado State,6,15.8566,,,11.51
2022,UConn,5,19.3281,16.0,13.9,16.4
2022,Creighton,9,13.4685,10.1,8.1,11.34
2022,Davidson,10,14.8028,9.9,9.6,10.43
2022,Delaware,15,2.283,1.1,1.4,0.32
2022,Duke,2,23.7124,18.4,17.6,19.55
2022,Georgia State,16,1.84485,1.7,2.3,-1.11
2022,Gonzaga,1,32.9688,25.2,20.5,25.46
2022,Houston,5,26.4976,19.8,19.8,22.55
2022,Illinois,4,19.5866,17.3,15.5,16.69
2022,Indiana,12,14.9367,13.5,,12.71
2022,Iowa,5,23.5269,18.2,16.2,18.9
2022,Iowa State,11,13.9459,9.2,9.7,12.38
2022,Jacksonville State,15,2.24147,,-4.8,-0.19
2022,Kansas,1,25.492,19.6,,22.28
2022,Kentucky,2,26.5948,20.0,,20.9
2022,LSU,6,19.0816,15.5,15.6,17.45
2022,Longwood,14,2.48399,0.7,2.9,-0.35
2022,Loyola Chicago,10,17.6948,,11.6,13.39
2022,Marquette,9,14.0024,11.0,8.8,11.36
2022,Memphis,9,16.2198,14.2,13.2,14.67
2022,Miami,10,12.6207,9.6,9.8,11.22
2022,Michigan,11,15.6481,14.4,11.8,14.26
2022,Michigan State,7,14.8717,13.3,10.7,13.18
2022,Montana State,14,3.80856,1.9,0.8,-0.26
2022,Murray State,7,16.389,10.4,10.7,9.87
2022,New Mexico State,12,10.1026,5.9,4.8,7.11
2022,Norfolk State,16,0.14543,-1.4,1.4,-3.91
2022,North Carolina,8,16.0459,13.3,13.9,15.5
2022,Notre Dame,11,13.6336,10.9,,11.87
2022,Ohio State,7,15.8224,14.5,11.8,14.17
2022,Providence,4,13.8797,11.3,11.4,13.08
2022,Purdue,3,22.2872,19.3,16.8,19.15
2022,Richmond,12,9.82501,7.8,7.7,7.07
2022,Rutgers,11,10.8648,9.5,7.8,8.78
2022,Saint Mary's,5,19.8082,13.6,13.3,14.82
2022,Saint Peter's,15,4.27548,2.4,5.7,2.96
2022,San Diego State,8,18.151,11.9,11.2,13.13
2022,San Francisco,10,18.3679,13.2,,14.12
2022,Seton Hall,8,14.967,13.2,10.2,12.75
2022,South Dakota State,13,11.4429,8.6,8.0,6.6
2022,TCU,9,14.909,10.8,10.9,13.72
2022,Tennessee,3,25.2399,18.5,18.0,20.46
2022,Texas,6,20.4063,15.7,14.0,17.01
2022,Texas A&M-CC,16,-6.3107,-5.6,-2.9,-6.78
2022,Texas Southern,16,-1.33245,-1.2,0.5,-3.3
2022,Texas Tech,3,24.641,18.0,17.6,20.08
2022,UAB,12,14.0333,11.1,9.8,10.9
2022,UCLA,4,24.8472,19.1,16.5,19.3
2022,Southern California,7,14.4494,12.7,10.2,12.5
2022,Vermont,13,13.0669,9.6,10.3,7.81
2022,Villanova,2,24.1107,18.5,17.6,19.31
2022,Virginia Tech,11,17.8634,14.2,,14.48
2022,Wisconsin,3,15.5839,12.6,11.5,13.13
2022,Wright State,16,-0.866069,0.9,1.2,-1.94
2022,Wyoming,12,13.0956,7.7,4.5,9.36
2022,Yale,14,2.23432,1.8,1.1,-0.1
2023,Alabama,1,27.29798679604653,21.1,18.9,23.19
2023,Arizona,2,23.39930637436136,17.3,14.5,19.08
2023,Arizona State,11,12.902639441888477,9.3,8.3,11.29
2023,Arkansas,8,18.591912021744413,15.1,12.6,15.99
2023,Auburn,9,17.83652309077339,14.1,12.0,14.35
2023,Baylor,3,20.531830433557616,16.0,14.2,17.3
2023,Boise State,10,15.842331410009011,10.9,9.7,12.78
2023,Charleston,12,11.743993564990204,8.3,8.6,
2023,Colgate,15,5.812497585653631,4.1,5.0,2.2
2023,UConn,4,27.81893908164806,18.6,18.9,22.95
2023,Creighton,6,21.205216935178356,15.9,14.7,17.83
2023,Drake,12,12.852257621794632,9.3,8.8,7.84
2023,Duke,5,19.43030109821918,14.7,13.6,15.83
2023,Fairleigh Dickinson,16,-10.400854337747456,-8.3,-3.9,
2023,Florida Atlantic,9,18.243763813404613,11.5,11.5,13.92
2023,Furman,13,8.180720520570599,6.7,6.3,4.89
2023,Gonzaga,3,24.24543306798115,18.6,14.9,18.99
2023,Grand Canyon,14,5.688920759139918,4.7,6.1,4.43
2023,Houston,1,27.929110445580175,21.4,20.5,22.2
2023,Howard,16,-3.400963151768841,-3.3,-2.2,-5.04
2023,Illinois,9,15.011595096911416,13.4,11.6,14.81
2023,Indiana,4,16.78830568711333,14.5,,14.94
2023,Iona,13,11.878631397193978,7.9,8.8,7.61
2023,Iowa,8,15.801342556228423,13.5,11.4,14.08
2023,Iowa State,6,17.246011052840405,14.0,11.7,15.36
2023,Kansas,1,22.329370011203387,17.5,,19.2
2023,Kansas State,3,18.12827029373834,13.2,11.6,15.79
2023,Kennesaw State,14,4.451678947356607,1.2,2.6,0.6
2023,Kent St.,13,10.960253450024323,7.5,8.2,7.53
2023,Kentucky,6,17.853967973933607,14.5,,14.76
2023,Louisiana,13,8.686614231726931,3.9,,4.27
2023,Marquette,2,22.254917637612444,15.1,13.8,17.07
2023,Maryland,8,17.61349794506161,13.9,,14.58
2023,Memphis,8,19.515368393584875,13.1,11.7,14.5
2023,Miami,5,16.5918743516148,12.2,11.6,13.98
2023,Michigan State,7,17.342970697055,12.8,11.5,14.25
2023,Mississippi State,11,12.895426802979255,10.7,10.1,11.43
2023,Missouri,7,13.458034633603296,10.7,8.6,11.41
2023,Montana State,14,6.350168075832366,2.4,4.1,2.18
2023,N.C. State,11,13.885214700963992,,,
2023,Nevada,11,12.488948400858655,8.3,8.1,10.01
2023,Northern Kentucky,16,0.8778746470589003,-0.5,2.0,-0.83
2023,Northwestern,7,15.572298638745908,11.5,,13.68
2023,Oral Roberts,12,11.685725704505742,7.5,6.5,8.55
2023,Penn State,10,15.907702639585873,11.1,10.8,13.04
2023,Pittsburgh,11,11.38124757409244,8.6,8.7,10.59
2023,Princeton,15,6.833019887848176,2.8,5.6,4.76
2023,Providence,11,14.254609858002564,11.4,11.0,12.89
2023,Purdue,1,24.353225136430417,17.4,15.4,18.23
2023,Saint Mary's,5,21.73652935968901,14.4,12.5,17.41
2023,San Diego State,5,20.750497248575424,13.4,13.0,15.81
2023,Southeast Missouri St.,16,-7.806310523566058,-5.4,-3.8,-7.4
2023,TCU,6,17.556043227610296,14.5,11.9,15.61
2023,Tennessee,4,24.193752139609487,19.9,18.3,20.84
2023,Texas,2,24.433835774710086,18.5,16.8,20.56
2023,Texas A&M,7,18.228343930854287,14.0,12.1,13.76
2023,Texas A&M-CC,16,-0.9186094553930207,-1.9,-1.1,-2.57
2023,Texas Southern,16,-9.89502599723586,-7.0,-5.9,-10.56
2023,UC Santa Barbara,14,5.468961564933556,,2.9,3.3
2023,UCLA,2,27.03267848275236,19.4,17.8,22.11
2023,UNC Asheville,15,0.1376495461674779,0.7,1.7,-1.74
2023,Southern California,10,15.006084516670889,11.5,8.8,13.06
2023,Utah State,10,18.1205059489938,12.4,10.2,14.23
2023,VCU,12,12.632633807010356,9.2,8.9,9.89
2023,Vermont,15,6.341766169133466,3.6,5.0,1.63
2023,Virginia,4,16.209752433391962,13.5,12.3,13.28
2023,West Virginia,9,19.47105566441795,13.8,12.5,15.95
2023,Xavier,3,19.613896450088905,15.0,12.6,16.03
2024,Akron,14,4.068752165990638,4.4,5.4,2.77
2024,Alabama,4,23.031140852671875,18.3,16.2,20.69
2024,Arizona,2,26.93279314757799,22.0,18.2,24.54
2024,Auburn,4,28.420118447084427,20.7,18.5,22.46
2024,BYU,6,20.451274107423338,17.0,13.5,19.33
2024,Baylor,3,21.94924298154745,16.9,15.1,19.5
2024,Boise State,10,16.138059726302274,11.3,9.9,13.31
2024,Charleston,13,7.943120604400935,4.9,6.0,
2024,Clemson,6,18.595493953804755,12.9,12.9,16.2
2024,Colgate,14,1.0474585401814596,2.8,5.0,-0.31
2024,Colorado,10,19.0735723589141,14.4,10.2,15.95
2024,Colorado State,10,16.272356339735627,,,13.4
2024,UConn,1,34.453680250443355,22.3,22.7,26.7
2024,Creighton,3,24.010360031697196,17.7,16.8,20.07
2024,Dayton,7,16.717896445403625,11.7,11.6,13.45
2024,Drake,10,14.693598654676643,9.7,9.1,11.08
2024,Duke,4,25.334342280459516,18.1,17.9,20.67
2024,Duquesne,11,9.6706233230469,6.1,6.6,7.35
2024,Florida,7,19.27645539321264,13.9,12.7,15.17
2024,Florida Atlantic,8,15.208286467791574,12.7,11.1,13.26
2024,Gonzaga,5,23.023682425102475,16.7,14.9,17.93
2024,Grambling,16,-7.643530826311045,-7.6,-5.1,-9.63
2024,Grand Canyon,12,13.14920659492822,9.0,9.3,10.45
2024,Houston,1,32.4403151161033,23.2,23.0,25.69
2024,Howard,16,-8.611697863657806,-6.2,-3.7,-8.69
2024,Illinois,3,24.308995080625937,17.9,16.3,19.56
2024,Iowa State,2,26.3302677590942,19.3,18.2,22.3
2024,James Madison,12,12.02116617125786,,9.1,8.19
2024,Kansas,4,19.37511051673135,15.8,,16.35
2024,Kentucky,3,20.04697630917094,15.7,,16.79
2024,Long Beach State,15,-1.280909802208103,-0.3,0.7,-1.19
2024,Longwood,16,-0.2424690781271171,-0.2,1.8,-2.04
2024,Marquette,2,23.246323970464232,17.4,15.3,19.27
2024,McNeese,12,11.10654113770312,6.1,8.9,6.42
2024,Michigan State,9,19.93949987702522,16.0,13.8,17.72
2024,Mississippi State,8,17.367807373629212,13.4,11.4,14.19
2024,Montana State,16,-3.7103310948653982,-4.0,-4.9,-5.34
2024,Morehead State,14,4.5367740861895065,2.5,5.7,0.51
2024,N.C. State,11,14.08887282385162,,,
2024,Nebraska,8,18.659283514365455,12.9,11.1,14.36
2024,Nevada,10,16.865802728538718,11.4,9.0,12.85
2024,New Mexico,11,18.42621135321203,13.4,9.8,15.04
2024,North Carolina,1,24.781319967406084,18.2,17.0,21.36
2024,Northwestern,9,16.371302483229176,11.7,,12.77
2024,Oakland,14,3.5460724852386356,1.3,3.7,2.02
2024,Oregon,11,13.977820130883355,11.1,9.1,12.22
2024,Purdue,1,30.338561174974146,22.2,20.3,24.93
2024,Saint Mary's,5,20.57735266238368,15.8,14.0,16.31
2024,Saint Peter's,15,-3.2631217528158833,-2.9,-1.6,-4.58
2024,Samford,13,9.58510354001871,6.1,6.2,6.32
2024,San Diego State,5,18.762933470861743,13.1,11.4,14.68
2024,South Carolina,6,14.961185926648538,9.7,,10.98
2024,South Dakota State,15,3.0210134375531608,1.2,1.8,0.52
2024,Stetson,16,-5.222465093261178,-2.0,-0.3,-5.09
2024,Stetson,16,-5.222465093261178,-2.0,-10.0,-5.09
2024,TCU,9,16.56350309805144,14.0,11.5,14.62
2024,Tennessee,2,25.720467260995257,19.8,18.1,21.81
2024,Texas,7,19.24969507450979,14.1,12.7,15.91
2024,Texas A&M,9,16.893603244527235,12.1,11.7,13.35
2024,Texas Tech,6,18.05875107731368,13.8,12.6,14.96
2024,UAB,12,6.4538497949886935,4.2,5.0,5.14
2024,Utah State,8,14.333782884012162,10.1,8.4,11.56
2024,Vermont,13,6.2630281458593675,4.3,6.9,2.78
2024,Virginia,10,11.91790667047665,9.8,8.8,10.45
2024,Wagner,16,-9.56889881472294,-7.3,-4.4,-10.64
2024,Washington State,7,16.171387767463898,,10.6,14.02
2024,Western Kentucky,15,3.3807479652809445,2.0,1.4,1.19
2024,Wisconsin,5,20.14300671470355,15.2,13.3,16.01
2024,Yale,13,9.127279790855775,7.0,8.5,4.63
2025,Akron,13,6.592540385646408,4.4,4.6,3.22
2025,Alabama,2,30.52344680612161,22.5,19.0,25.54
2025,Alabama State,16,-8.816618006324642,,-5.3,-8.99
2025,American,16,-6.471455332982049,-4.5,-3.1,-7.64
2025,Arizona,4,26.618905501769333,20.1,18.1,22.94
2025,Arkansas,10,17.96074182821471,13.5,13.1,17.09
2025,Auburn,1,34.87818151248792,25.5,21.9,28.68
2025,BYU,6,24.48568143024352,16.9,15.3,19.07
2025,Baylor,9,21.07426327825366,16.9,16.1,18.77
2025,Bryant,15,0.8605377924056621,2.5,2.3,-1.99
2025,Clemson,5,22.844704080813763,16.6,16.5,17.81
2025,Colorado State,12,17.850564368810247,,,13.94
2025,UConn,8,19.44792104247911,16.7,16.9,17.87
2025,Creighton,9,19.214540178858243,14.8,15.0,16.49
2025,Drake,11,14.752202765859971,8.1,8.5,9.6
2025,Duke,1,38.35414279892683,27.2,24.8,30.72
2025,Florida,1,34.88418402757516,23.8,20.6,27.78
2025,Georgia,9,19.07510668541331,13.8,12.8,16.36
2025,Gonzaga,8,27.691629817486863,20.4,18.3,23.75
2025,Grand Canyon,13,7.464253019866616,6.5,6.4,4.97
2025,High Point,13,9.428226682819783,6.7,7.5,5.3
2025,Houston,1,36.39454328363642,25.1,23.9,28.45
2025,Illinois,6,23.793665744650863,17.8,16.1,21.59
2025,Iowa State,3,26.499125109396317,20.9,18.3,22.33
2025,Kansas,7,22.787110533336076,18.2,,20.09
2025,Kentucky,3,24.595756529928806,17.7,,21.26
2025,Liberty,12,13.27529017336648,7.5,6.5,7.42
2025,Lipscomb,14,7.5788031314598765,5.2,5.3,4.39
2025,Louisville,8,22.33782944021709,16.2,14.1,18.49
2025,Marquette,7,20.5075681879755,16.8,15.9,18.19
2025,Maryland,4,26.439925480536655,19.8,,23.33
2025,McNeese,12,13.923021861910666,8.2,9.9,9.14
2025,Memphis,5,14.085564181063877,11.5,11.3,12.15
2025,Michigan,5,22.02343898097387,16.5,15.0,20.21
2025,Michigan State,2,26.252620489991436,19.6,17.5,22.43
2025,Mississippi,6,22.154345520672187,,,
2025,Mississippi State,8,19.64817149086908,15.0,13.6,17.14
2025,Missouri,6,24.547616651291325,16.5,13.9,19.49
2025,Montana,14,1.6177924742803544,-0.7,-0.1,-1.45
2025,Mount St. Mary's,16,-7.072856624832712,-4.5,-3.5,-7.91
2025,Nebraska Omaha,15,1.7622780847441613,,,
2025,New Mexico,10,17.102616902546483,12.7,12.2,15.2
2025,Norfolk State,16,-2.207336987362657,-0.7,-0.1,-3.72
2025,North Carolina,11,19.51740654019811,15.8,15.5,17.27
2025,Oklahoma,9,17.136602219945733,12.7,,14.86
2025,Oregon,5,20.19489176780172,14.9,14.9,18.0
2025,Purdue,4,25.03240534458641,18.1,16.6,20.8
2025,Robert Morris,15,2.1118304110691657,-0.6,0.4,0.4
2025,SIUE,16,-4.31608,,,
2025,Saint Francis,16,-12.231662787486115,,,
2025,Saint Mary's,7,22.13330679659915,14.7,14.1,17.43
2025,San Diego State,11,14.723234436218377,11.1,11.0,12.77
2025,St. John's,2,24.650343382747593,19.3,17.1,
2025,Tennessee,2,29.7165862469735,21.7,19.2,24.2
2025,Texas,11,16.783348737184575,13.5,13.7,15.65
2025,Texas A&M,4,22.95230554896436,16.8,15.6,19.3
2025,Texas Tech,3,28.26902066551662,20.5,17.9,23.05
2025,Troy,14,6.57232389310272,4.3,5.0,3.55
2025,UC San Diego,12,17.099566849767466,,10.7,12.63
2025,UCLA,7,22.68393323741928,16.5,15.4,19.68
2025,UNC Wilmington,14,5.408302281919388,,5.3,2.36
2025,Utah State,10,15.539793678270645,11.8,11.5,13.56
2025,VCU,11,19.943097082993532,14.3,13.3,14.45
2025,Vanderbilt,10,16.813875997054957,11.1,11.0,14.66
2025,Wisconsin,3,26.163533156036483,18.2,16.2,20.73
2025,Wofford,15,3.0939437268055396,2.1,2.3,-0.13
2025,Xavier,11,17.533954698397793,13.8,13.1,15.25
2025,Yale,13,10.46592299447897,8.0,8.7,6.66
2026,Akron,12,12.311112915328817,9.4,8.0,9.04
2026,Alabama,4,26.215060760801443,20.0,17.9,22.7
2026,Arizona,1,36.59635707855655,26.2,23.7,29.92
2026,Arkansas,4,26.1677435664606,19.6,17.0,22.43
2026,BYU,6,21.83356143443984,18.2,16.8,21.04
2026,Cal Baptist,13,6.5855571522105425,2.7,2.5,2.52
2026,Clemson,8,19.404644047124595,14.6,14.8,16.99
2026,UConn,2,27.99313241901252,20.7,19.4,22.92
2026,Duke,1,38.118858243277394,27.6,25.6,31.55
2026,Florida,1,33.81110403269549,24.8,22.3,27.9
2026,Georgia,8,20.02532395577544,16.7,14.4,19.57
2026,Gonzaga,3,27.18595602591271,21.9,20.6,25.11
2026,Hawaii,13,5.504427460446953,,3.5,4.85
2026,High Point,12,8.290326479918797,8.3,9.6,6.76
2026,Hofstra,13,8.873511617848088,5.3,6.3,4.48
2026,Houston,2,33.19533812764635,24.1,23.0,26.23
2026,Idaho,15,2.089595610777411,0.2,-0.1,-0.05
2026,Illinois,3,32.921475129801934,23.0,21.0,26.45
2026,Iowa,9,22.188515926341193,16.7,14.6,19.0
2026,Iowa State,2,31.781152355233793,23.5,21.5,27.15
2026,Kansas,4,23.955673632625015,18.4,,21.1
2026,Kentucky,7,20.708194334598296,17.7,,19.8
2026,Lehigh,16,-10.282828029460116,-7.4,-5.8,-9.32
2026,Louisville,6,25.64437407661054,19.8,19.1,23.41
2026,McNeese,12,11.742001160816535,7.8,9.8,7.74
2026,Miami (OH),11,8.675027016600069,6.5,6.8,5.37
2026,Michigan,1,37.09501702718116,28.3,24.1,32.48
2026,Michigan State,3,27.51853424402126,20.5,18.4,23.44
2026,Missouri,10,16.144042444544137,12.5,13.3,13.08
2026,N.C. State,10,19.51170443522252,,,
2026,Nebraska,4,24.94936243664611,18.4,16.9,21.54
2026,North Carolina,6,21.126314176532233,16.5,14.7,19.39
2026,North Dakota State,14,5.269732880430957,2.8,2.8,2.5
2026,Northern Iowa,12,11.48726010599113,7.5,7.8,8.49
2026,Ohio State,8,22.92766024891148,16.9,15.8,19.06
2026,Penn,14,1.3160519056176638,-0.2,1.1,
2026,Prairie View A&M,16,-10.317483850032968,,,
2026,Purdue,2,32.12258788223929,22.9,20.6,25.64
2026,Queens,15,-1.939331004632619,-2.0,,
2026,SMU,11,18.066341488344243,14.3,13.5,17.27
2026,Saint Louis,9,17.809602125725142,15.1,14.1,17.27
2026,Saint Mary's,7,22.441263763912985,15.1,15.2,17.87
2026,Santa Clara,10,20.33411860348135,12.6,11.9,15.88
2026,Siena,16,-1.898966643843378,-1.3,-1.3,-4.34
2026,South Florida,11,15.881496702637648,10.8,11.2,13.29
2026,St. John's,5,25.809216619450055,20.1,17.8,
2026,TCU,9,16.394612809171964,13.2,12.0,
2026,Tennessee,6,25.99870006699635,19.8,18.9,22.08
2026,Texas,11,18.340374725537572,14.5,13.6,16.17
2026,Texas A&M,10,18.5665776937698,14.6,14.5,16.76
2026,Texas Tech,5,26.36086937645716,19.1,16.6,21.95
2026,Troy,13,1.6967352343132134,2.2,2.7,-0.76
2026,UCF,10,14.67720025225332,10.6,10.1,13.3
2026,UCLA,7,22.21583548913469,16.2,16.5,18.28
2026,UMBC,16,-1.6648770789771987,-1.9,-0.4,
2026,Utah State,9,20.849693672824067,15.0,14.2,17.36
2026,VCU,11,16.712557853053543,11.9,12.6,13.19
2026,Vanderbilt,5,27.80951393859243,20.5,18.2,22.83
2026,Villanova,8,19.5175771297533,14.4,14.0,16.3
2026,Virginia,3,26.56370180313484,18.4,16.7,21.6
2026,Wisconsin,5,24.46517574569968,17.1,16.6,19.52
2026,Wright State,14,2.701632176068693,1.2,2.4,0.12
2026,Furman,15,-1.98,,,
2026,Howard,16,-3.19,,,
2026,Tennessee State,15,-1.83,,,
2026,LIU,16,-3.95,,,
2026,Kennesaw,14,0.57,,,
2026,Miami FL,7,20.68,,,
